id,pm2_5
id_ihxgrbq8bw,23.855385393179088
id_dg6s4fhiwe,25.06387262050599
id_f7hwwtmuzp,21.452019015211054
id_ioese5awdg,20.86630454171813
id_hdw320zpls,20.134160835763502
id_wnxl0jyxdm,23.977857831288443
id_irr46cfvrz,27.55036682757914
id_l3lg8y1tar,26.912453096969
id_9bzncgu7ap,21.4157433110539
id_tq8gz80e59,20.45914542102051
id_gouch6j71l,29.567023400034422
id_gvg6pup3v5,21.640630388147393
id_xsyh8m7o0c,20.55644361371198
id_hsr9nym75x,21.431776649502357
id_kk2mprzws5,21.9781800288029
id_zztb716ruj,25.875954811337664
id_nc37c47azq,23.319177921574482
id_aq2zwrpazm,21.636932381394438
id_1if5noe1b4,22.841130310404775
id_9ch9qgghhp,24.075351334248122
id_i8ez1ppqtt,23.93677930222287
id_1gzede3sx1,37.36607527381175
id_c0cjjirgpf,21.63919721953742
id_y3cgdjsgq1,21.909693440728063
id_hqfk9eb7i3,21.403863626149235
id_heuv8vkjh4,6.061408347724078
id_fcoot945yi,25.28496317236016
id_h4j7gdpygc,27.43135963175498
id_0z5dftxu4p,34.913556201564006
id_0l3lpe7b09,31.479699010613487
id_q51pjcyt8q,22.656112077909963
id_5y5tak334a,34.54805047298411
id_ffpap9n3bi,23.290348417705175
id_wlrkf9c15k,44.27759011657629
id_i2rh9ih3f4,27.790339603367254
id_uqm3krxam7,63.77820523653139
id_3iwa156mvm,14.578782236102995
id_1lz3s1bdxs,28.713791950343825
id_jmqt01idjp,39.17266999390316
id_8gb7nw0rmx,31.689669427122293
id_4xwo0p10w6,25.12053179744693
id_m5bwlzsq1q,32.02198774343252
id_z4d44hh4z0,101.2462991670336
id_pmh6yxhfva,31.095136616391255
id_35d6qsok4a,31.33779201273882
id_77htjr9yc8,27.84744580716194
id_t8vdruehat,44.590363659583375
id_jckj5zjs3u,68.70796835609906
id_iaz7r7qv9z,60.32877061781438
id_uifln55ls5,52.28879733656901
id_d32frejzqm,48.69879589453412
id_exdub9ncvr,63.641828841342985
id_mxkrqowab2,65.59158050378525
id_y8ho5r6i9n,52.60362592845084
id_fiygo06opn,68.10767744278694
id_o3dfdr4sk8,114.98688568686696
id_akv54mqumg,70.24329881171653
id_h24kmkoube,13.873046117009514
id_x3hkwvtuum,12.326873226384327
id_w5yebgnpv0,12.6165756572229
id_0sqrmgfxq8,12.126361570416536
id_af7sxbklj4,11.746977588694994
id_hv5isckfyd,15.161656213835572
id_ghg0lmyh5v,35.83640819105263
id_wpckthcmjz,12.166561766260312
id_u8j139024n,11.125870658130811
id_1jadvwi51a,12.345359418884069
id_1gm8yzoyli,14.064305207261215
id_qsbblt5w3q,14.653338435865773
id_51h39wnp4b,10.82740368780051
id_ny5f2xtwmp,12.599520345894431
id_3dhao9xr06,11.19132106541465
id_wwcepeo72q,13.74206833607836
id_aekpxa9j8r,18.91893102195067
id_hlshs2v7p0,12.420270771153422
id_csaw4okqxs,16.950001051223094
id_a57xn6b266,16.94631654547081
id_v6zbdry3ae,15.401957498954348
id_mjgt3wrumc,18.788510801853544
id_rb71ryy76k,15.683143484717224
id_rzzwlgdruk,15.144628334511335
id_bg7hzhz9s5,16.823936967911425
id_9f0xa0vpm0,17.527404205603684
id_x19qug1u9n,17.671918717161223
id_neebsy7lt3,14.046608857953423
id_k5jc67rf2q,15.714389806549834
id_6vw340icrq,18.126683259357367
id_rpzdo2jabq,19.518427453561994
id_3m8w0ho783,21.502945334881414
id_2ziuzg6bnw,13.299585171609618
id_4hps6472o7,16.80672390448362
id_9cb9qenzw7,18.382802337683678
id_6rvd06xnhq,16.72900965880973
id_22gpyw7j4j,20.04316450014702
id_970drtediu,21.57298043567328
id_oec1w7ootb,20.17484752863112
id_7onpirv1s3,17.95714253796229
id_8rt8qfy8h4,16.323287162522146
id_e69vc06bss,18.91490665620712
id_7dv4xh47cy,18.727870495485103
id_vfx2x5hc15,19.720753417433578
id_ljvpa6cdtz,14.920393664398707
id_faa2v5ox7q,16.47129261126181
id_t6xdbl4ne4,15.468192989565363
id_r2fdbsyh1n,18.050556454240006
id_jhwi52u0q3,18.780992487098487
id_55pa9g9m9g,21.00397739180423
id_u347bmckbj,17.61119038223675
id_3ygrfqgttc,17.077633651612878
id_z7heeojpzb,18.199846507319304
id_utgueavnmx,18.218749329815044
id_h2tqqtxe1w,17.914616584689597
id_mrdqqwst7r,15.702180231957952
id_5053tusxc6,15.743010164700404
id_h6t5tbsidc,17.898269676047633
id_4fs05d28s6,19.465026354693524
id_qye7jwpbs8,21.10654225062356
id_um00ew0g1b,16.477468418928137
id_fzvy60mdma,15.714389806549834
id_l7u41q4cr9,17.446898917280265
id_26og4v2wx5,17.508565089953112
id_b0a1xu6nu0,16.41621374403476
id_xumsw5m3ip,16.437505408938552
id_3ftig6nrpk,16.093773788271374
id_0ejl66y98y,18.884641781183333
id_ph0mqd3qdu,19.047214902887436
id_1j21vhuakg,20.11389152106877
id_9b866t3kcl,16.116250273634734
id_gm3rhu9jak,16.286109317990057
id_vldjdgbudl,15.800693758248796
id_sg9gnw6j9a,19.036334056549624
id_jy6wca6oh6,18.02784413716889
id_lgnofy6syn,17.090785226906853
id_g1j9pxh5yp,16.18531944264084
id_xoh80ei36j,15.679304091321235
id_g4idr9b72i,17.116667151754566
id_b7cn1tm7jw,18.68434972936773
id_3kkfl60mdt,15.00304384029415
id_3cnzembvt2,16.65294737109789
id_qh3hmxe3vl,16.070374354413232
id_dm2ngicucl,15.391801744917737
id_0pj7rbu5pl,14.302250925029455
id_0b7len9grt,15.712217960816307
id_lkjbthp6xi,15.404943723931826
id_msyur8bama,13.991514618350347
id_r6b4lems42,15.302932674846822
id_tdtmvz23p5,17.15618839337851
id_ucg35myewu,18.226428739410945
id_cpu27o1708,16.777284733135648
id_8g3bfwtmtc,17.098778327564204
id_lvwrewueod,14.533678888509568
id_vjr52dclmq,17.143361245128414
id_74lpfoxs1u,14.166613217523153
id_51ipsqq6fi,14.057802080066155
id_rgv5vz1wi7,12.444552037408217
id_xukt8h1854,13.276291871687954
id_pvjuaozpis,15.501262128569584
id_dpstb14com,15.81982681933179
id_hfo34xjax3,15.040249200972978
id_1xcm67i57m,13.379592542410103
id_5w78ao9f51,13.341189597926174
id_wjwp5bnl95,13.487462854271723
id_q29d5fhap5,14.642931401794396
id_stpxgfh6at,16.9971593331585
id_lp5fau1v5t,16.275414236235623
id_7oxqpk7s41,13.760483594683128
id_4dnmn33ra3,14.248273465015348
id_vxnrc9eyhk,12.77426551015129
id_ysrrbwixap,14.60451368353793
id_yhfx1lpevn,37.13888051402365
id_c6a44pvjv8,11.708982000987744
id_s9f3ml14cj,14.991620309929514
id_d0w9c0xp76,13.496183240004061
id_a9fbexs6qf,14.35281406766137
id_9wzfhpw4et,13.406321244883816
id_ryi27ogtvv,14.713002788182454
id_l4fl7gcf91,14.475697069153869
id_tkvbxrgren,13.290502298215104
id_1wkfcd4q6t,15.535417085786694
id_mc88pd2apf,13.426631613914253
id_00iv2sgwb9,15.909295755961303
id_e7lfbanu92,19.254676106268242
id_1mdkr0dgz1,11.978521959355572
id_evzlq1bdq7,17.441512851531616
id_0fzcmep80p,5.129698125822637
id_dwd9xbd5ep,15.99548891360061
id_845jje9evg,14.917040458279132
id_cbrgljomk4,14.04972466650058
id_xadne3g2dw,13.435252625762777
id_fdlsm6mg2z,15.278744076285227
id_r1w2mcb346,15.331575032483201
id_1c24ja9jag,15.265587100364092
id_h1v0nwz453,17.285409218863588
id_igvjbr17my,12.346223490371235
id_isnin8oj7j,14.541625765958502
id_lts441t4ge,16.148710349830864
id_7k86unkgbf,12.215600586499821
id_xs2ivx2taa,16.528804989516534
id_t8pxhu1lko,25.442915732442426
id_cncxlihk4l,17.680083136674757
id_u3n972yugw,15.986585207256253
id_5dtltk9ol8,16.25577904623379
id_2d4xbl322n,16.738070431272085
id_6ayd3hz9lc,16.083115731060836
id_fhedgc4ogi,16.951546013144462
id_je6xyskvqt,23.46293705082701
id_uqplr7i3e8,28.380810433791
id_p2mep9skjf,22.979831547018993
id_klmztpbnj0,38.83904275439483
id_w8masqptnv,29.318549050243725
id_uqe5p1fz8i,24.073609792680212
id_vdcliffox0,18.35027434543493
id_suphbrot9x,28.059008453649284
id_qsl9hh9hbt,26.4705195970605
id_yorywxet0a,25.53832747603388
id_9rhbkh8kye,21.142338560627458
id_oh2pg7ik9m,21.855416380057875
id_u5xtrnbshq,24.202615783740203
id_pfcdhqpggy,20.134160835763502
id_rsbolu1d8s,23.089965180633204
id_1o41vsdb40,28.137357925731077
id_bthds7exkp,26.912453096969
id_u2lx4hcr19,18.189290666945656
id_vt2seycroc,22.96849398921249
id_ev3xsimi3e,29.567023400034422
id_8wsnxwqlaw,19.41920550201058
id_jhks2agjzh,24.86660011567315
id_abc042gxa9,17.411844483673118
id_t39ajz3mpo,25.888752668665244
id_7l7bqpd71y,25.875954811337664
id_k9uhbcg8zv,24.126124076720515
id_kf067ifyeu,19.745446001368045
id_6axl9l8y0y,19.612053568477656
id_fknkdrl6fy,23.716234436172556
id_8gmporna5z,21.872064896436846
id_a4bmoty06e,22.119699496342896
id_czo0d13gtz,23.544516034368343
id_co7jt5xego,23.249754232299505
id_2x6lo1wgko,6.475952361465112
id_9wjap2et51,24.139585328904975
id_c7mps6h2ft,18.755627579975965
id_j8yje9gqi8,31.315188592468196
id_vju59tgxzh,32.063896321148384
id_8lap7ve7md,23.49078671788262
id_pvs9bs83s2,34.54805047298411
id_qdivis4t0b,24.420002371992787
id_6ihg5rmjar,26.30605705106648
id_enahmr353n,25.557367008554518
id_m5la6rz5vl,23.861457935381846
id_lyc6fznfhn,3.033158142075927
id_u15ftwfcl7,28.37208338584915
id_mjaugtu77u,43.172893680227354
id_h1bl0y44h5,35.23806173568697
id_ixfnpr6f21,21.25399318514129
id_37e3n0alew,28.566934507621895
id_mj9599i7yu,66.454531296703
id_aq1df4iqdu,33.16304277231702
id_2e5mcgpio6,27.56242321279631
id_o99bic4pl9,41.38148841666669
id_wee03f0g34,68.75479578887213
id_ebyp7dsb2j,63.012815324544334
id_xrw2te1q07,58.91689513109334
id_e1pr3nswl9,49.632140811630315
id_20jn6yzhpi,48.69879589453412
id_ef9regkoel,75.579181177111
id_ja9p3oi1ln,65.19020935180356
id_u4t0meqqix,51.52583339085975
id_ha9378tgsl,88.813264664527
id_sm9fmjwje3,114.64797777934893
id_pq1s2kq7qs,70.24329881171653
id_zcw88t7w9n,22.658343078756147
id_9gqyxg4fuy,24.810728060895425
id_jlbv1pe7mw,24.202615783740203
id_nqkrnumlsr,20.134160835763502
id_vwov477zro,24.253390118094458
id_k8t4robso6,27.510539097641317
id_9574e2s4iv,26.912453096969
id_g6sz61x3ui,24.112983330912233
id_65fdu115yz,24.86660011567315
id_jvvhzyikro,18.97944675849233
id_mjtm49jd0e,24.884190696260156
id_qisen8bs9m,21.86020108592906
id_4qcwh32n38,19.57303523420914
id_a1jgk8addq,17.95197181797991
id_eoh9eceljc,19.303575455751048
id_c9l6rfivhx,22.040257772011884
id_ity62l2ixr,23.289464311372857
id_b1kdt1v6wk,23.544516034368343
id_31slek226d,23.369714927304077
id_r5hynclox4,18.189521548877455
id_1zdag4te8b,23.146481773519795
id_9cji7mh5kx,19.898760166630094
id_pgt8lf7tci,32.545081388351896
id_9xwjmedzm3,24.784711675226543
id_qmng1j2b5t,23.49078671788262
id_lsjhv6dlig,34.54805047298411
id_5ei28dib31,19.864513236691167
id_djt23iw3mp,73.50709558855065
id_m9oojav91p,28.593914934924797
id_oivxgblcp2,3.033158142075927
id_0kdvltw7vu,31.685419877474555
id_6w4ajmwc5u,25.718913627636002
id_urkooowq9s,27.56838452642662
id_zj9z4qj012,66.454531296703
id_8ziogga8ul,19.784077280976476
id_3p9o92k0y8,23.768080252977384
id_nys5746v2q,31.197755872168415
id_lfeylugwfg,61.31943867418343
id_doohdtcpi0,65.70244595418056
id_gvsxbrs2ay,58.91689513109334
id_tazjayaiyz,50.34686218439326
id_zrpmkxoezw,49.47664441837488
id_sqmq0975df,73.26297831254426
id_6lcd3eygj3,65.59158050378525
id_7rpimassqp,51.88890455568791
id_63ls321ztz,67.78416435507891
id_tkciymn5hs,114.98688568686696
id_kasmldlvq9,68.7151614502469
id_vlpyl2jer5,47.288930777551265
id_5qffgu5u3n,34.25266756679951
id_j988bph6z4,52.2351417750273
id_ws4odrtze8,71.3478462050198
id_wtahd5vwwm,34.248509470951404
id_07q159o6c5,40.00816888565075
id_zuwn8cdmpg,45.5701114941673
id_h18pxnwgaz,72.85093946981466
id_crcf47qz6r,18.136105247946485
id_s0472tpnvf,18.199846507319304
id_4x8344brzc,18.275302408669965
id_f3th0516p2,17.914616584689597
id_rq698snr9f,14.868657567757175
id_bqumy9109l,15.336753439227527
id_sa87ndj19i,18.890033791125145
id_l50a8gf4z2,20.931336392877803
id_d22097x7wg,15.20211542184731
id_o0l24mamhf,15.541979039390927
id_u0tbd0ho1d,16.825791986716077
id_jh9oqt4r06,18.605916096527466
id_s5qjht01ct,14.946781947855
id_9jvayvxhsb,16.700021850048014
id_2ktyalo4fo,15.472666857707184
id_yytme869mp,19.154007833859044
id_qjy6t0mvby,19.861469608547008
id_vqx1ryf2ik,19.24469724505323
id_xlf2632glg,15.753992858434575
id_9ryn26zoyf,16.240600319126937
id_0bhupilpq3,17.472639315913863
id_3oog4p81et,18.02784413716889
id_7pwsq2822m,16.218538456239877
id_xco3eq9ewy,15.863691886787484
id_86pol7d8z8,17.184355738681944
id_4hq1smw4qm,15.299463018229734
id_mwm43tu1lt,15.422355613616709
id_egnnmgvz1t,15.871607656577316
id_ql3nhnzgo7,15.07015134787999
id_6yei7c05s5,15.776945480320725
id_37ncimqtl1,15.823445505339881
id_faigrj26mv,17.626701407261148
id_b8gmnur08k,14.378836306887028
id_uhkuycqlqg,13.88298085570097
id_hda4qbl82l,15.82675575027523
id_l81zesfyi6,18.788991588213822
id_8fw0qddr4t,17.048832785051896
id_3swlrvxi7m,16.071023600608086
id_2iq9tbz4bu,14.996819261875544
id_l3hzf7xam7,15.27927451930553
id_7yfs7z6re5,14.606699752561173
id_3qj7edycff,12.70372763339813
id_zz66kjwki8,14.235426448065205
id_836ugfrmfn,15.715585714373272
id_i7eew37mck,15.444710522768949
id_bxqgoacauj,15.040249200972978
id_0804vchmvm,13.224946413162261
id_o41hevo885,15.618883216971767
id_55ynsd7iob,16.117027084998565
id_xmnors3b2p,14.437353266727643
id_i0vim21vyr,14.197067202209524
id_9q4vgsr3t8,11.736505364855343
id_nzvtf8mk2z,16.117027084998565
id_qxhc5b04ve,12.367395986475474
id_bmoknxippd,9.698592419826152
id_y7pq8dp4ut,12.66117293294451
id_7ibql8i2hn,14.803231030127025
id_tbkdhkji8c,13.335717909804657
id_2xvazzddgt,12.70768648622821
id_vo6tjecx2y,15.80231750682188
id_td1i5lcg9k,14.982652735616563
id_ruc95ajmux,19.483395581422773
id_a0at61dzen,12.661195590454305
id_0zn9uivt40,17.212793376377086
id_qlx50d8vx2,6.752711329978835
id_u6z7b5cbh4,14.125943517598843
id_qruu4eejyy,14.010570727349261
id_9vwonnifzw,12.425276057204467
id_0lnfawjnjk,14.022173646224065
id_31uzu5wcsr,15.17793327699665
id_uzija37zrh,16.27673034033776
id_z6s5np5auh,16.4033557122669
id_p084kqcwjo,12.346223490371235
id_qvm8ttfb1f,14.957369956784104
id_yzoxe0nplf,15.930155535071947
id_n95r9k6tql,14.855538013576984
id_i6gb7eojjd,11.801398871745072
id_rj99alu30y,15.522535400076142
id_qlb79248k0,25.290865203967975
id_5gr1418j07,21.295412271427807
id_mvspb7k941,15.256461816803105
id_w5jw7d4cs6,18.37109505356341
id_ksu34mhpjr,24.029639458461382
id_rwz1uudt8t,23.085274780603953
id_q22kldhur3,25.382422576489148
id_2ax9dk8j9y,27.11160638984356
id_tld5diafyf,23.136274730740666
id_do4asz4s0g,22.945311039724547
id_3alewcubl0,42.673626415865535
id_8zu910kppu,29.318549050243725
id_1s9nyk6u7a,20.933357794267273
id_l88880p40e,20.425378935540955
id_hr17wz72sy,30.097458212524586
id_cjj6ks4lan,29.172876786505196
id_16wvcdazgi,13.873046117009514
id_iq6jofmcl3,22.49568263087224
id_tdu0u91xwk,14.707812095968057
id_62jccue0vl,13.516701714883316
id_3sef84eg2u,10.953459890971905
id_w0f6u87fds,15.161656213835572
id_jwcwkcbb4n,12.166561766260312
id_sipbb762jx,11.746977588694994
id_pw524o2hj4,12.461698961457934
id_qlj4brmgs2,10.82740368780051
id_6fw4q0j9so,11.734074100885788
id_squdps1yn8,13.689517375083135
id_92ijbpy5c7,18.91893102195067
id_5mdgs1tb11,12.7310245082809
id_pq77lq5wej,16.423790538645992
id_46mfsuetx3,15.472666857707184
id_l66xs53vq0,15.401957498954348
id_edk0v1a8wn,18.960388320674802
id_nztzaid365,14.92213143265925
id_1k9uqfcnfq,18.21972597700017
id_5rcti4kobf,15.192208683568602
id_al1l3ahw7b,21.502945334881414
id_3f3rzgujod,22.86671697222489
id_fr4pynhbb8,15.088338757783987
id_rnuqsg891b,14.671526852686807
id_3qw0q1r8qa,15.468192989565363
id_o84bqle0x6,16.886816258324327
id_han5yb04s9,15.278737961668227
id_n7pgevpqei,16.893048634560643
id_j0aw1xyk9t,20.517952731826743
id_xpcbsjawvs,18.218749329815044
id_y8vz7smn74,18.606042158417356
id_xtbriixm7z,16.376210189588722
id_l47atvid60,14.640892592135994
id_gqpbs3ql9v,19.826377599487394
id_mohvibrck6,16.206656004353004
id_m2e2vhsgc5,16.840849022513368
id_6q2dw9x7y4,15.472666857707184
id_r8hora5q1m,19.047214902887436
id_chvslqlmkj,19.208211575370882
id_z8b1es3pzh,16.47714367615127
id_crc6ejtto8,77.26162828373101
id_4hw7jthh0g,14.440210781755633
id_rtp2qosss7,14.581907168497517
id_2keurz29m5,15.593874733815788
id_5f0tzdcdu0,12.692963529759522
id_6g5cbmuktq,13.098163156089807
id_njm4qcclts,13.065658967972409
id_t8gjwi01yc,12.655184941123762
id_dfcidlgn6x,15.021968022054207
id_f7whsdcam5,14.88673914809457
id_hga8rjdes3,14.45133457845251
id_32z89yhhic,14.000699472974295
id_pza69wztdl,14.282539932539853
id_ndfihwmpp8,16.014712212251677
id_v6uj9ttsd9,16.601530307046993
id_qi267vxsvl,11.971761027518983
id_oezislbogz,14.075862697856442
id_yzmptlwk5v,13.496183240004061
id_1wgvveqkxt,14.81894285836459
id_hyunf795m9,11.708982000987744
id_9vmusmwa1w,14.991620309929514
id_7set4vt1jc,13.496183240004061
id_xsuqw4qhef,14.35281406766137
id_5rb2kj08fr,14.713002788182454
id_hub405wg5o,13.885224872498522
id_1dl4uombn1,12.070149377264697
id_0m5pjvhhts,16.393798978009734
id_wh6a14b72u,46.66720129821275
id_2gcokul8h5,44.049240357697606
id_ju5045k8te,45.215481360130646
id_lx8g1rejy7,71.40284709015253
id_xdcw1447i6,46.34108522740137
id_c530clrtlp,44.049240357697606
id_7bmurid7pw,46.20871463732394
id_z2s38nz9hk,71.23490199676726
id_18o8y735s3,16.223957044677558
id_wcox1ibc1u,17.25339596350002
id_8mteyw4ej2,17.701880012526146
id_yhr9822dsa,21.57726616914833
id_kx6r0n5p65,18.952580405877512
id_yll8ps5xps,20.787249751962495
id_2ss6w9mkjs,20.36974426861601
id_dywpbbt1rz,17.894478206520425
id_2sovq337ib,23.431809654051545
id_hl6vkdm5f3,18.32733478918542
id_7rweve2gtx,16.45946320221657
id_qenwsj9ypf,21.797598237301237
id_7tr958twwi,19.32397977223697
id_4pss24du4u,19.864094333265754
id_pvxshz55hm,42.57079127899909
id_hwn7gj0gnq,22.13567379503818
id_34w3aboagp,21.198643130468547
id_slzxbjxpdd,21.742658783216392
id_s9fvyed2xl,20.17250566795597
id_ojo4ns7rvu,25.587327437457674
id_oukj9m9l5u,23.90076358195587
id_4dncovxwgl,20.725229725891236
id_lhn0wnsi4q,23.035927542532676
id_8qzxmyj6yo,21.375275270845187
id_2st0ywh4w4,23.86375259944045
id_32luqy63su,23.178101233143277
id_oew67rrlis,14.476083904625435
id_byzy2benp0,17.25339596350002
id_16qarvdtx3,18.779403726520215
id_uxi3qu4l8e,21.57726616914833
id_vy83bxfo5s,18.952580405877512
id_z7ibc788zq,20.787249751962495
id_kbkbgy18jq,21.02041652220659
id_4zn86s4tbi,17.894478206520425
id_evx591r7y6,23.431809654051545
id_g6ojnnx069,18.32733478918542
id_7zixl3q2bq,16.45946320221657
id_0d9a1agg6b,21.797598237301237
id_3xt09a0de5,19.32397977223697
id_jbhh44km3c,17.8045625584987
id_5k2iegwee6,42.57079127899909
id_gibzm0hke2,22.13567379503818
id_zl5phiqojd,21.198643130468547
id_c15wxxvb75,21.742658783216392
id_dau6fb0sfx,20.17250566795597
id_z9dk6h8cfb,25.587327437457674
id_uvaqu4nzmb,22.909487685631348
id_qpglm1d719,20.219726678033535
id_ct64dm03s8,23.035927542532676
id_is4l5fwjuv,21.533662422082244
id_vh0bwrobbe,23.86375259944045
id_b0mjh0b71o,23.406820708297808
id_0bpne8ucld,19.311184390445632
id_kvvjrrryc4,25.039324613200737
id_n5ybzqzepc,22.575440764960213
id_jaimxbu1pd,20.714797292916625
id_0l0w0orygd,19.829222835927492
id_lv55afmf77,19.262978128125127
id_9mfp6fw6w6,17.84175751628132
id_tafpzgg3t4,22.704525521405593
id_tiipv7kgu2,18.022126890225834
id_kwiv66i7i5,22.00140444918496
id_nl69sct7fu,15.869190225264783
id_l74jt76ryc,20.39173538132233
id_bxgj47nybk,20.75790008109713
id_923xwmt66s,19.503023308190453
id_aq97mswwiv,23.628418473840192
id_4vrb5vlcz7,23.75993730366772
id_xayf6v05hn,27.563142808411563
id_8pk1rf7oxo,21.129882169861492
id_sq8128da6u,19.46884892679283
id_8ihfuq3i8d,20.383999374520663
id_87jd29uf6p,22.39927278476787
id_4xpx2dt8ki,26.444936994013606
id_hqpr9h9axr,21.034758608325916
id_1k55ze4pps,21.60857018705493
id_2znei70wfr,19.976348299979982
id_9hhcbap87f,20.19327844291929
id_hey12d7qim,23.023017232407593
id_lh2vl46a2o,18.24607629787623
id_yr2wo25x72,20.849151738482757
id_t52himkovl,20.256631954072095
id_7tvjar0eff,24.071768895536465
id_i208pdedfj,16.188955013851082
id_d77mj6yxxd,16.236661479970124
id_jh49madd8v,14.907990892094393
id_cz441c0g6w,18.400168691317024
id_l9egn04p70,20.445451137589767
id_aof0geeadz,38.099764801953036
id_l14us4afx1,38.592673852712174
id_cyjw5nlwm3,44.068107966968476
id_gzuqpix1lm,69.96703800858596
id_z09r8zdwpl,14.476083904625435
id_avet97ghyy,17.25339596350002
id_8xxxnyrpzm,18.322986943090335
id_5mzgmww3um,21.57726616914833
id_8vxge8fi9v,18.952580405877512
id_jnw9eiv9ni,20.787249751962495
id_gaui5cuwn7,20.36974426861601
id_bk4agfxg5e,17.894478206520425
id_5si10x4q6c,22.04146950958477
id_e9emj2d53x,18.556054264339952
id_9llllv5i9s,16.45946320221657
id_mndm12zy06,21.797598237301237
id_2pxml96i79,19.32397977223697
id_oi59maxbit,19.242987402701566
id_tf7klyuj5c,42.829966874989005
id_jf1h95hidf,19.760556265091815
id_4njytufcfi,21.198643130468547
id_2zbs60m1hv,21.742658783216392
id_kbe0e397n3,20.17250566795597
id_attl7s5eit,25.587327437457674
id_jyqg51mks7,22.16095426595327
id_yvtlt4qsb5,22.473102865943364
id_ququ54p5qn,23.035927542532676
id_b3olj60ip0,21.375275270845187
id_ucm77r7n42,24.68757162113268
id_i94hu4l2he,23.178101233143277
id_sem18a4eih,18.33742901614858
id_iu4c2k0vqm,25.039324613200737
id_jez7q9vvpv,21.782456315574766
id_0g0h5fvenr,22.28492466267941
id_leyce5nz7b,20.08839843191741
id_ctiuipzphp,19.262978128125127
id_1uq7qu2no8,17.84175751628132
id_ag7p6aauq3,22.704525521405593
id_4v2gdi94ys,18.022126890225834
id_oiz391vhbb,22.159791600422018
id_dkh1dm7jv5,15.869190225264783
id_xp48k28xsx,20.39173538132233
id_8hzzltjopy,20.75790008109713
id_jxwkemji67,19.503023308190453
id_9e6zoef7pb,23.628418473840192
id_kw3reqh73r,23.090556110828935
id_i3soe2f356,27.563142808411563
id_s3sjs08z01,21.129882169861492
id_wgstp1qsjl,19.781392842243136
id_c79996j5ij,20.383999374520663
id_xyptp35mvl,22.39927278476787
id_psuhom729k,26.444936994013606
id_pow9jv5ucp,21.06911467538884
id_6wvbbh34gm,21.60857018705493
id_dt7c3hug70,19.976348299979982
id_j5p89q7hag,20.764170116329332
id_kc953hqc6u,23.89002075263082
id_lc6edh3b2s,18.24607629787623
id_9spkaqz73s,20.68095886290772
id_3htqh6ssl4,20.256631954072095
id_zc1ovm5htd,21.64375779437909
id_w7wwg1utwa,20.920633026285298
id_25epdpbix4,24.56069081287053
id_vs0hncomou,20.38011825589585
id_reegezw0zr,22.02215428471639
id_f6x16pl89y,22.688312870381413
id_9a8jkl3m2r,23.836136101287483
id_hoz5wrgxox,24.141638045266667
id_5ziz8chtiw,23.256764413817844
id_l1g99w61j0,18.730265860936168
id_40onwzmie5,20.80580436642411
id_wplsrqbqg1,17.756510486639115
id_8zk238knxs,18.507309119587593
id_0u52beiaqr,22.33737188166622
id_g8dmi5cj2u,17.129194700658868
id_qvb2pi3nbx,16.89638855445479
id_9ocs33mybq,31.2878283020936
id_le65pdwgzs,16.836383572663912
id_kj6oinfm9j,21.46353863217353
id_tiqxiw34y0,18.362493717663664
id_j5q5ukj913,20.32331580390045
id_wfsqr784ue,20.772011967305733
id_19yb602oya,15.677367379802899
id_p5abbz6sni,18.643316448660542
id_sj35fk9ewl,19.92087884642432
id_asczdnpq0c,15.503621089336155
id_bcoprnh1dh,17.567757794248884
id_4hnps4a19v,20.429079442529915
id_slby4mvn69,17.205674534966434
id_fdcwmf2mqw,20.48780449244311
id_pc2ol1dymd,18.280092156286987
id_72hn9xr2mt,19.61848209153833
id_ooylyenf74,18.397596164502996
id_7c0tvcd4mf,19.49817715454633
id_vo7qco3vo4,14.09349664900671
id_tyda8qzu9y,19.409010419966542
id_qjo74p50vb,14.223149790687016
id_qftdjlnuxo,17.911466965820853
id_8zkhvf7knd,22.977957756365104
id_zjdfiws1ze,13.54050582576333
id_km0396cm8u,29.843195505828113
id_0zb66667qv,17.3373360263421
id_xkul5db55f,17.455485658997986
id_0882wi4vll,21.120142799823878
id_vyjoukh7a3,17.99847507822045
id_mgzj7k2c88,23.27393707193895
id_mj68hapwjy,20.53287822150025
id_4k7w1huz70,23.03801704670899
id_cc5r73bssv,16.772414716482007
id_lpc3qqqc79,20.451643006721387
id_dgd25e5l5n,22.86180513412996
id_2u5h8ssj8f,16.21786056124744
id_qekvi0qhbi,18.117711831489625
id_7t5rwbvncv,21.946686551519132
id_wip1lfenhd,24.071768895536465
id_fz1zlhsz58,16.188955013851082
id_fzhszn9qgh,16.236661479970124
id_drhboq2o8f,16.02512118447
id_67f2qgxjr4,18.400168691317024
id_c9jyqp5ts3,20.6712284657903
id_o5nsm6bufm,19.175130941798848
id_fliahadafe,24.501170290367337
id_ljzcxva3j0,39.1154285714662
id_4fg7od0p2h,17.483563830487412
id_r0bgionrrx,19.15476802385946
id_5mrclq7yja,18.993545119890566
id_v6ji6xpykj,18.391145355867557
id_gzxccfruiy,21.412469508846993
id_rch18sl7fq,27.79349470634037
id_dycgsa1kum,22.529948290485013
id_dh2z6cu6bu,18.816627843261823
id_b3ij5seund,28.33386927082546
id_tziu881h86,24.960617899850806
id_321qju313s,11.603432794259442
id_dngcm1ubxs,24.483795662626786
id_vu0rtf6isv,25.688724246253948
id_tzfx3hbsak,22.40428271707773
id_rhg9ghnbc2,31.261373380102835
id_9hkqfrhrxo,36.62430089221315
id_1s9fc94wwm,49.509762857735076
id_6l0a121qin,52.2595609273671
id_iblicy6lwk,54.86262830112973
id_galqj45a9w,55.064359612074135
id_1dg8zj0o7z,35.94821191600962
id_9x63i9uu20,38.63465651783783
id_n4mgwkvcyo,42.15509880880954
id_h9o1enzmn6,69.96703800858596
id_4utcad6z0z,13.873046117009514
id_faw7vd63nz,12.290459586411528
id_bfmddpm7dk,11.125870658130811
id_zsn1j1j2ex,15.161656213835572
id_hnknralqvw,13.137317733161774
id_j3s4dhvwvf,14.412263690664965
id_nb9skm42eu,14.653338435865773
id_e30vibg2cr,11.147562605575207
id_hr07rxuwnk,12.515264640428306
id_cckgjin8j4,11.19132106541465
id_1igqyragk7,19.44514153452777
id_pbbqks4896,13.041377701717614
id_yglxjnnnmd,15.359828706690973
id_akkkm90ju3,16.30080429648738
id_pnw5qxgci5,17.140135292226127
id_ed8b146zq4,16.13857259154064
id_dog1qrt65n,15.252942543311345
id_4iko2mf9m1,15.16434267206862
id_tf16irhnxj,17.203974391169076
id_z8dbvb7mld,17.671918717161223
id_hjojye2bnc,15.619493388562743
id_e74fkffny9,20.138130334388332
id_96r4h4wquw,15.963009062489572
id_n8zuiv730d,17.771391319872766
id_q9sf7h6id3,20.100486630122543
id_1ahz3wcpza,19.720753417433578
id_bij6rb0yyc,14.920393664398707
id_rj67797cdl,14.674675291842268
id_nfgy5cs3i7,19.229215282250816
id_2gg9612372,18.62260533586143
id_rd2ycsqjqu,21.00397739180423
id_yhyq4hrrvo,17.796318904926522
id_cugq7k2136,16.88550854689668
id_6ztrbzwf74,18.218749329815044
id_b3864dngn9,17.914616584689597
id_fslinj6lsz,15.702180231957952
id_nr59rjq353,15.714389806549834
id_f937o9uhz5,17.508565089953112
id_pdm9hc9akh,19.703352304818637
id_hlaacmpdc2,16.18531944264084
id_43l5b3qppy,17.03343974420595
id_nhboyjouon,17.78209902220974
id_e9tjlmzofe,17.184355738681944
id_uep5kutr80,16.064485088086126
id_xdu2qkcn9o,15.902429261027953
id_7xqj2zy62f,15.564212512076644
id_d3txp6ww71,15.712217960816307
id_kpr41h1gl2,15.721176771594545
id_eeu9sw0k2s,15.79699383904347
id_c20q8ikv7t,16.63749936085999
id_g8oqjuggsz,17.200091218481624
id_2nq4naxlui,17.098778327564204
id_qny2l3j2li,14.166613217523153
id_vvea9k8tgz,15.422476114452197
id_t009are3zm,12.655184941123762
id_uzuka63dnk,15.49559239693999
id_rkhciqi5gp,15.040249200972978
id_9qs0u03sne,15.54148439838244
id_beoswwa1jg,13.341189597926174
id_6yzetfd0jr,13.487462854271723
id_ip144xmrio,16.117027084998565
id_y1jzpsul42,12.974718219017447
id_irudkpu9cg,16.117027084998565
id_43ve2f04z8,15.909295755961303
id_4gby11apzd,19.254676106268242
id_brzm1fa82q,14.26491320610682
id_cikkzszzmw,17.441512851531616
id_93uc5zchkn,5.80136208389205
id_n6z1o0dpy1,13.85289764016314
id_r9li959sxm,13.981005404322877
id_om1wxt4lrr,13.123081646155837
id_kj1k62c4hk,13.435252625762777
id_x9m9yvh87r,15.17793327699665
id_xraq80851o,15.159164265324295
id_hs3bu1nmse,15.936332947650712
id_w183sk05qy,17.285409218863588
id_ctdw7mpo2o,12.346223490371235
id_ycnd040s0i,14.541625765958502
id_bhghd6qnsh,15.678978583797814
id_yly1mkkcmj,14.855538013576984
id_bhcer2s6k1,12.680726928304429
id_ts9g0trocv,15.907698058952343
id_1qto62qavh,25.442915732442426
id_0wajzy8ts6,17.680083136674757
id_wpu97wbqk7,15.745504813133557
id_zmyx8uismd,17.634174982303282
id_nlxvai48i7,16.1169635007079
id_dkdt1jrmsn,23.085274780603953
id_8kq3got9a1,16.689029572035
id_lr3rz1e86g,25.382422576489148
id_6kzxrawpey,28.380810433791
id_xwyw71ldzx,17.5994774315913
id_kkivrvc6dv,22.176850405734577
id_94wuxmw8rb,34.03846642102087
id_3q8sdy56bq,29.318549050243725
id_oc2m0zmgnw,24.458772451556417
id_pwx9pelurg,18.94237606819622
id_acjbfx8dti,30.097458212524586
id_eum8a3klcq,29.172876786505196
id_444jxq8ki8,17.701880012526146
id_fokwurehqu,20.956159238584142
id_20s8fncc9t,22.034595130382964
id_ifa0c3dcm4,20.787249751962495
id_bl23vucby8,20.36974426861601
id_o1949nqyfa,22.04146950958477
id_y3f4c5fs4z,18.556054264339952
id_kdox62iiap,19.32397977223697
id_r8f5l77m7z,19.435585596695844
id_6xieqd6sjk,42.342071803844554
id_g3poszpaqe,19.760556265091815
id_tv3dx937tm,22.63719493284177
id_kufhei9qi0,21.742658783216392
id_6xvj9dnlf9,20.17250566795597
id_977w9neez7,25.587327437457674
id_74zzcs47si,23.90076358195587
id_dkzrsecwur,20.893422601466273
id_fzaay03gtj,23.035927542532676
id_2qlkll1nti,22.112195342105313
id_dkxo29nkhe,23.86375259944045
id_8z4hu1lzg6,19.852636403445775
id_bketz8ikkp,19.895161907630566
id_qbn6ng2ro0,25.039324613200737
id_pa1p75uuos,20.310971241762324
id_hgfifx9q4q,22.443311813916466
id_kqxhxu0vxw,20.08839843191741
id_eso5h6en02,19.876794386185598
id_tcnlwhm6by,17.84175751628132
id_2jgdesoznn,21.64282560109692
id_q1prt1nt1v,23.210541746663765
id_bpey1bdu4z,16.041600992423685
id_0f17xoy417,20.39173538132233
id_benw0ms5bl,20.75790008109713
id_ovvvd62h5n,19.503023308190453
id_8w0x0v8vc8,23.369101081003627
id_sr7nmu5cq5,23.090556110828935
id_uz69dxquyc,25.815269668359434
id_058qup1czp,22.945467414468727
id_9xdm5pzodn,19.781392842243136
id_9xiabniu8d,20.383999374520663
id_e8ov3f0ec6,26.444936994013606
id_ztov1dasd7,21.974227622224003
id_u0dv0t4gc6,21.436159419896025
id_vaexseqp4z,20.316951942713924
id_5e4jtn2k5u,20.19327844291929
id_g1f5h70z60,22.35363603956881
id_ei0npa3d51,20.849151738482757
id_w73v97w9dd,20.256631954072095
id_d01h6zb0k7,20.439547220529278
id_hajvhq9a9k,22.112195342105313
id_wfej53asol,28.14017043778236
id_wkxp2kkhas,20.38011825589585
id_4nx3hdlk3f,20.70147788863938
id_tvruaym3ou,23.193815918239114
id_mdja9rpbvi,23.968741843920036
id_v3lg566peh,24.141638045266667
id_5a7one1voe,23.256764413817844
id_uzwhiiojkc,17.99231151332263
id_13zxbv2bo6,20.657798917684445
id_ex6nijku46,17.756510486639115
id_7dpkk65nit,18.447109062652366
id_g3bd1hun07,21.137206387551192
id_suwhca6van,14.395560557845922
id_nxc1tmyyss,16.723977787295887
id_eikgi2kr2q,16.18170048083636
id_n4o71g7yok,16.836383572663912
id_mpq671lkla,20.706678916267787
id_k8se7sutpt,18.869867292581866
id_i92idl2arl,20.32331580390045
id_5ingz959i0,20.58583224500991
id_bgw3i6wwpf,14.943179943547614
id_80ixty8tal,19.43261625479977
id_0a4e9fjk97,19.92087884642432
id_lbmmt6ea89,16.477376463633217
id_c3flrt1zuh,19.21973422037666
id_cvs2kktyxu,20.277028914055464
id_7mtozwwc20,17.205674534966434
id_dq086pe2mx,20.48780449244311
id_3oa251xapn,16.919489251966304
id_felfdwexf7,20.26915434512891
id_hxzxzh2uah,19.789495692415162
id_7e9nhjb559,18.35279838869103
id_yjzowwtt3y,14.09349664900671
id_kc77exs6rd,19.409010419966542
id_du9zmbgca2,18.33374590007034
id_j4jhp6ymgs,19.995271301947156
id_m5the81w7o,23.70796238779347
id_1s8k0qheno,15.027801751718124
id_b6q1wkhds2,14.302140476302503
id_cz225gdeoi,17.19687034345548
id_8lkvzskxdi,17.455485658997986
id_t301lndtpe,20.226635755090243
id_uzuzt5hcyv,17.99847507822045
id_6n47hvxwoz,22.65283014137476
id_294fhgybq2,20.53287822150025
id_pvdki2lfbt,23.03801704670899
id_5yosfti35o,16.772414716482007
id_tsf2ykay6m,19.248463742502153
id_pddkles1x0,16.446580036401972
id_ypzvugg3as,19.207549243934473
id_ol8i7nv30f,21.946686551519132
id_md132uwbf7,23.33484882427634
id_b2y24168l7,16.781056736612374
id_4yvwmu8cxe,16.244660124685907
id_tmy3b6ts38,15.52909782265858
id_cbq3vn3m3o,18.400168691317024
id_a8umfjb1ge,20.42373660229059
id_8oqx4hgwe7,19.00693806622381
id_y5f8v3s580,22.486233088634073
id_6kf89wa993,39.85234864272632
id_h7yzht6wq0,19.657412652826224
id_95brnbo0jo,21.086710556953232
id_4hb5judkxv,18.993545119890566
id_xun5oyhgjo,18.391145355867557
id_kckpnat31g,21.412469508846993
id_otccfrhvvi,25.646301391879874
id_jn6u5c5cjp,22.982862345474164
id_v933ue7kf5,17.596640777102458
id_mc2i376rld,28.33386927082546
id_9r05mz0idm,24.960617899850806
id_3wfdiqgoxw,12.645814455322478
id_c1n58uu252,23.57861860245792
id_7p5lepxj6a,25.688724246253948
id_lrkr587gkp,22.40428271707773
id_kvnb8ekvum,32.07366072673762
id_mqv32adp5x,36.62430089221315
id_20korskh6j,49.509762857735076
id_78f1la773c,48.87011795906734
id_9jtdzf7kcs,52.95415173582021
id_52juzapqcw,55.73247184796153
id_li4wcjkc21,36.30401503132564
id_bwle5dl0sg,35.736854497468606
id_7jqcpniwxn,40.46028000525644
id_5jbtohx3rn,69.96703800858596
id_odokt2hr7x,18.50678883172534
id_kw3winhwi7,18.199846507319304
id_jj9rbh612v,18.275302408669965
id_26j0qg7uea,18.48819419475676
id_ycnpcmmjh1,15.702180231957952
id_7vaqpmlhsv,15.336753439227527
id_c9cup5eoxe,18.890033791125145
id_rxl64ozpc8,17.113112549304773
id_wlrwnnkbc4,15.714389806549834
id_5v07yr6kc5,14.946781947855
id_twzj5jj66k,17.321128780612202
id_72mxu4su0c,20.41807367758158
id_c25uc85sjo,18.623590314489043
id_ouv903vao3,16.790334907132227
id_zyln20zouy,17.838621196083583
id_gl5zw040r9,16.69908238623451
id_g8wutb862i,15.422355613616709
id_s8gpkg7qj6,16.050434709767615
id_rmsthvc1sd,15.539807193657401
id_ke99qjo5z4,16.88658506505496
id_77oq3gka82,16.071023600608086
id_d4rug7fs73,15.422476114452197
id_0q4rgwhh5j,15.715585714373272
id_6a84c2y7xm,15.444710522768949
id_6q6h59e1he,15.040249200972978
id_dv8a63xtc0,14.572418984414519
id_27ono5yevj,13.224946413162261
id_v2r3sg9n1j,14.437353266727643
id_3p8yrwj992,16.117027084998565
id_wk8q5ydpwc,15.909295755961303
id_xddq8x5dw6,19.483395581422773
id_sharv68cbo,13.455519109470442
id_98fux0thhz,17.212793376377086
id_ago3payk3b,6.752711329978835
id_2bmny3x2l9,14.911907148208273
id_br2ieejs8c,13.359898473758683
id_weseav1xhv,12.425276057204467
id_qwf1i3cj7r,12.992895549789587
id_4fdnb4eyjk,15.799040207560836
id_khcy0c8nrh,15.058353466035719
id_kjsl8ka1vy,16.235162836691863
id_1s4emym39i,17.285409218863588
id_cfswxplen7,14.541625765958502
id_ri3sgqw5vk,15.930155535071947
id_w8xmcsup55,14.855538013576984
id_oskrymtnrz,11.801398871745072
id_a5nzunklam,15.907698058952343
id_okj6k5qcws,25.442915732442426
id_ja07tx0n94,22.171501938296778
id_1cu5omuey9,15.256461816803105
id_ph274c2i2p,18.37109505356341
id_sx300bfhv2,24.029639458461382
id_xlkeen4coj,23.085274780603953
id_bhdjsv4g5r,16.689029572035
id_doxq14mqw3,25.382422576489148
id_fbog8w5ysl,27.11160638984356
id_nf1gsgtgns,17.5994774315913
id_10f0mij1yf,23.174030514879078
id_m5e0u3d68x,34.03846642102087
id_x6l5iwtgrd,29.318549050243725
id_eyx4q4fnev,20.933357794267273
id_4lfxjvfjkw,18.321269137632033
id_32u710vh61,30.097458212524586
id_zsw4618nnl,29.172876786505196
id_tzdmb15txs,20.893312585694655
id_6ngwi1vl1h,10.819710062674465
id_cqm8i6ol8g,13.137317733161774
id_l7eneup5t0,13.75842466372596
id_sfbjw9ec2z,14.412263690664965
id_j7jqrbwmi0,12.635890301588473
id_wwdzrwgr58,19.21642205937324
id_kk82r8fpuh,12.247860003994514
id_wat59la3q6,17.472182174204324
id_xhxsyxysbf,16.94631654547081
id_actuxo4gmq,15.998659111099295
id_6qitjn8c8r,18.167403871289356
id_jdquy1lxet,15.831148933456888
id_g5325vgzzt,15.611533032766076
id_c4zrpwzc4a,15.16434267206862
id_t5anmg4v7v,15.854871553943498
id_9af0ydgl1s,17.058347803513946
id_9wwxdbqekl,16.433140568908644
id_dtzemr8b33,21.610950770374455
id_qye7rb9bbu,20.425420714141314
id_1s38ze4v8w,17.11647084740607
id_1doz4c69ph,19.12906843169041
id_18tg20wg54,20.300781545870112
id_mf6s46v1uw,20.347258295790024
id_krkw3iqkf6,17.898269676047633
id_tcql7qm01y,14.762006513161651
id_czit7flk3p,15.197737365263908
id_67vafahcsb,16.037169378276694
id_ocawwzqkj7,19.107108557909857
id_6hwobiyszp,16.57002075345823
id_3hit2vt54g,16.27194170399645
id_kxjx8xtw71,18.199846507319304
id_ujvrrf4kx0,18.218749329815044
id_p7m9x0qpi5,18.535723515253785
id_b2w6gxhazp,16.259687532820234
id_0glwf1vle0,14.00134028096591
id_h52hj66b1j,17.72364347903486
id_3ykb55avzl,15.714389806549834
id_4140yukx35,16.653381219557172
id_ejschtytb2,16.437505408938552
id_bt8l5o5bpc,16.093773788271374
id_01tyqteuzb,18.39646522082413
id_xxtlit8f06,17.090785226906853
id_neowy957qe,17.237479488016195
id_ld5ad63fk4,15.897568478135856
id_9wphwvxjbh,17.191895933046798
id_bjwf0gk35g,17.90781669609071
id_nk6t94cwcj,15.00304384029415
id_c00v9db3kd,16.65294737109789
id_qljfbbues6,15.391801744917737
id_8l8rdvtd4z,16.152744196770897
id_ucd95ihefb,17.143361245128414
id_1h25lc42la,14.01101294554698
id_7rkgygr8my,15.302932674846822
id_qrzcnk9cb7,15.048638203958195
id_3osclzuma1,19.019413188796392
id_j7yo6gfpr7,16.903086363418996
id_m8zu1vzawt,17.098778327564204
id_bjboh76f83,14.554039127194022
id_msmgdqfiqk,14.057802080066155
id_9d9nc0plgr,14.057802080066155
id_fnstzi3enk,14.666632016154725
id_3h9gnh7is5,14.880155198005395
id_ymoxc4wuvj,15.49559239693999
id_diweogvo4x,15.188254649712642
id_wl3mu9y4pt,13.379592542410103
id_cypiwo10y6,14.456605685455756
id_qh3anhhrlw,13.487462854271723
id_83z9c83r5i,14.235750357064816
id_s1phnl1iyl,14.428199662122877
id_uqoypd8y4s,13.06961463700454
id_e1c84vnzi4,12.524663028264756
id_duvrjwe7j4,14.60451368353793
id_cpaolr5w71,8.651760871604703
id_0gez5n5up3,14.833233158692458
id_4dxpvc7v0t,13.496183240004061
id_wy3b3kwp1u,14.511201218898426
id_kcz6mx2ftd,13.74133894556223
id_s2azjdfda4,14.386886717371077
id_7zq37bq2m9,12.242560144423603
id_80ps7kboqo,13.988163400657362
id_wdp8cocu50,19.254676106268242
id_gxnloqrtfy,12.011182144871832
id_98zx0ydmal,17.441512851531616
id_ikydapbjg4,5.180255153327856
id_x9csxregb4,13.85289764016314
id_x726sqebnc,15.427046315240654
id_embux96a8d,13.823067459180272
id_n3zi21eakt,12.614431427846958
id_cmzvbp4gp1,15.17793327699665
id_lh42zi0nvd,15.64493209987372
id_lq6ofubnzh,17.626465952474465
id_ak1gmocab7,18.56094988557364
id_j2qbzdu60r,12.346223490371235
id_4s7frhrx0s,15.113255085850833
id_swwnl6ehwx,15.678978583797814
id_0dzgrhmq0i,14.470375354700783
id_bblmv4qbuz,13.477165254408618
id_ns1udfi49f,16.14364233064033
id_3t4mu9h9h8,25.442915732442426
id_np2i3652hs,14.082035441343537
id_0m1hyk0i2t,15.840401231120646
id_47086vwi8b,16.07011225737272
id_w1v8rlefq7,16.738070431272085
id_p24h3f2r8x,23.58567256756321
id_dlxm63a09x,16.689029572035
id_ri94vbx6vg,26.392963246474327
id_wi9j0eune9,28.53919758502806
id_0z2yz02gho,22.979831547018993
id_013dywijcw,20.552179471249442
id_whd8ue3507,34.03846642102087
id_wmd6txw3qp,29.318549050243725
id_2uo9nruooa,22.850868192534623
id_cmezkcvthd,18.94237606819622
id_k00w57rr6l,28.059008453649284
id_rm817jen6a,28.67010544037991
id_l2wquc1lyf,10.364443287618903
id_f2ayymfg06,12.986598911020117
id_2xwro4u4ib,15.161656213835572
id_s4gcy5ldea,13.75842466372596
id_llxl5vedjd,12.716043002662927
id_ra9rzjf8cs,11.147562605575207
id_06it7wxay5,12.515264640428306
id_p358wai3ar,13.74206833607836
id_63q6x7rc50,19.44514153452777
id_yrqlregvfr,13.041377701717614
id_6ey2mcbqfl,17.472182174204324
id_xz9gud04ug,17.094321994210475
id_upa56c1xqo,17.140135292226127
id_apci48cec9,18.61610003469464
id_ivaqozbhfz,16.13857259154064
id_5r9lkzxt5l,15.611533032766076
id_q9fyy5hlug,16.823936967911425
id_fia47n8arx,20.17484752863112
id_c8ytbvxreg,17.95714253796229
id_715d169b93,18.91490665620712
id_i41soezu3u,14.920393664398707
id_ghl9lkmkbc,15.468192989565363
id_jhwg78mhs2,17.429449523675817
id_mbp1opp105,18.62260533586143
id_tpecaex89x,21.00397739180423
id_gkqkcuvhn0,17.796318904926522
id_jl7cx8vnrz,16.88550854689668
id_z22ai1ufxc,18.199846507319304
id_cf9eqd8nio,18.218749329815044
id_4nvfqr7bwz,17.914616584689597
id_styx2evpu7,15.702180231957952
id_r4qfxsd6qk,17.156075409542296
id_6ula6jqx2d,17.898269676047633
id_ab11cvvhj1,21.035323389794105
id_lru4a7apze,21.10654225062356
id_1h8qiqvba3,17.113112549304773
id_jocn99q8x8,15.714389806549834
id_yqd8by9too,16.825791986716077
id_3vo780asu2,17.508565089953112
id_t8qspqxocv,16.41621374403476
id_fxt49fthrg,16.437505408938552
id_9hsvvxccfs,16.441732271675118
id_mdox4e1wm7,19.179074641191747
id_e0v37gnrdc,19.780704354940998
id_4higx88y8s,19.24469724505323
id_dzdczy4694,16.116250273634734
id_b9cls7es48,17.464768146000864
id_ii1b1vx3v6,15.800693758248796
id_qjkp2dhlfd,19.036334056549624
id_4tycdb5q0i,18.02784413716889
id_enssz42xj6,17.090785226906853
id_j2lnxkjgor,16.18531944264084
id_d1kz51qzme,16.296519672945827
id_93y706i4uo,17.579002559438386
id_uo33uxmu30,17.90781669609071
id_42uhyp7b1d,15.00304384029415
id_557lj2gncx,16.65294737109789
id_g646xm5v36,16.070374354413232
id_3u2zh5sctj,15.564212512076644
id_88m5txqfk0,14.923357855593647
id_636veo7myp,15.712217960816307
id_mw8i11x4p5,17.143361245128414
id_i01umxhgoi,14.254031059459809
id_7htzho5nfe,15.302932674846822
id_rqvyvvqjjo,16.63749936085999
id_3sw1g6ujkh,17.977031527733356
id_7koyjh6lyz,17.681439329771347
id_h33dmmxmxt,17.098778327564204
id_b4zqx3ey2e,14.533678888509568
id_rigbnum9jj,15.88426005088705
id_hwnk2tvpjh,14.166613217523153
id_3djm31ze2k,14.057802080066155
id_y1b1v2oco9,14.455999112439182
id_uiiqit3mio,13.624250355091695
id_qjv34s9tgs,14.880155198005395
id_mw1dkfs5o5,15.49559239693999
id_zgolsofwkv,15.040249200972978
id_gntve7cvte,14.599081303163368
id_mv1hwwypf2,13.64124557514029
id_66vowuru12,13.487462854271723
id_718x53xw5l,14.642931401794396
id_y5duq02fcq,16.036868014392713
id_nabflglwpr,16.117027084998565
id_m8gl9o5dbz,13.760483594683128
id_s0yzedmwy0,12.448507706440346
id_n4zpk50eng,12.77426551015129
id_bf0mqyujkg,16.117027084998565
id_db6l9ymytu,12.13641468848728
id_zzhsplt3ae,9.698592419826152
id_gxvybxvz61,15.672946745295517
id_2hrjgfgo5c,13.496183240004061
id_qnvbhvfvfh,14.35281406766137
id_f4j4e8toay,13.74133894556223
id_yh8x8izood,14.713002788182454
id_r9gbkhu2zs,14.708307893248007
id_hzuko4hsbs,13.915827120363158
id_4akcsf7v23,15.535417085786694
id_y4a4bry0za,12.805524683350058
id_juefa18khg,15.909295755961303
id_8pg965n9uh,19.254676106268242
id_c1qncxdk14,14.092502438947914
id_fxdpjby57j,17.441512851531616
id_maxuuv6qwy,5.180255153327856
id_hqp1zmq2rl,13.85289764016314
id_7mmcd60iqp,15.2551687964194
id_5f3qz4huj9,13.823067459180272
id_m6vn47j4ge,13.435252625762777
id_mkyjtq0uj7,15.17793327699665
id_dd1qog5gsu,15.058353466035719
id_yltiy4ct4b,15.866000623733239
id_l7g3rwiyu1,17.285409218863588
id_y0nex8ki95,12.346223490371235
id_trj4ropjy6,14.541625765958502
id_xkfnw0mcvh,15.678978583797814
id_j7zs6cpw42,14.470375354700783
id_o55nqbxkhg,12.215600586499821
id_l3neq81nk8,16.528804989516534
id_ft7ki0jjoc,25.442915732442426
id_1doie955wo,17.680083136674757
id_pap3jy3v7v,15.745504813133557
id_64zbc8ou3g,17.249012323427078
id_1ssvmd37d4,16.738070431272085
id_5i93sdabtx,23.085274780603953
id_5oej7jiuyx,16.689029572035
id_es0jy27ww2,25.073539180920264
id_ze9u1sfrwl,28.380810433791
id_3y84kki549,18.22058436215549
id_glm9sjal1a,21.28750464823004
id_kjp8dcqhsa,42.673626415865535
id_2s4n7u9qbe,29.318549050243725
id_57l2n9hbxk,24.073609792680212
id_0rmqw3hqow,18.94237606819622
id_uc46nrbgzu,28.059008453649284
id_zck6gqoy8o,28.67010544037991
id_kmohqwxbue,12.494818319769607
id_dswkvfgg96,12.547371653402507
id_72kefc7g3s,12.126361570416536
id_fsdqdwkhec,11.746977588694994
id_yaf7kh6asz,15.161656213835572
id_d3xd7t76g8,20.730280369795384
id_ekxnkkalys,12.166561766260312
id_foo1qhnhh4,11.125870658130811
id_4gaub27eaz,12.345359418884069
id_u8ysh8pwg1,14.064305207261215
id_zwxals7wca,14.653338435865773
id_qs4s1l5v79,10.82740368780051
id_k5fj3oay3x,12.403455293724571
id_3bwp89pu3m,11.19132106541465
id_e9eglkp5vv,12.03327285585744
id_t4qjrlzxns,18.91893102195067
id_kn8xo43og2,11.94172470214167
id_48859izqh3,16.950001051223094
id_9967xanbmk,15.472666857707184
id_eh3ys96anu,15.401957498954348
id_5bgqsh9x4k,18.788510801853544
id_jwouft46is,15.683143484717224
id_3ck9tvimgh,15.611533032766076
id_n6s7duali8,15.96451309372228
id_6kgl1almmg,15.233764623379306
id_gxefptsqvq,17.527404205603684
id_ygnr1sn381,18.053918657140304
id_v3y11kgwad,14.046608857953423
id_q2fgzp3xx3,15.714389806549834
id_s7k292eya7,16.825791986716077
id_jt2rysim4p,18.339768625551184
id_yn9vzuflej,21.502945334881414
id_362cko5nwx,13.299585171609618
id_d9dv3lr4k1,16.80672390448362
id_10un4lyvek,17.204143509672864
id_z0j05634v8,15.759944244841806
id_txhxlogsxn,17.238199727392963
id_18c3488pxk,22.52020343704884
id_la1ypixght,21.0418905812154
id_t9njgxp6v6,17.95714253796229
id_b8yn1i9rx8,16.323287162522146
id_o2y4vg1agv,19.14362613136165
id_fvx3zhir92,20.766211400184567
id_nfj7rfs9a1,15.714389806549834
id_b9q3y3r7t3,17.446898917280265
id_yio3jfuvmy,17.508565089953112
id_54qfk101o1,16.41621374403476
id_vox6mwiloh,16.541634698810956
id_u1xceey131,15.472666857707184
id_dxpgh1o1t3,18.609313169153246
id_2ujws46vir,19.047214902887436
id_2n7hyhtkrb,19.49278459050458
id_4779bmeme0,16.116250273634734
id_b3eztfwajg,16.286109317990057
id_f33f3mdfla,18.122467734687746
id_xkpq6na5ee,18.415227125985435
id_3ihace1d7c,19.01757215138832
id_z6wylocn17,37.10771058964508
id_pm68i3c3wd,14.83424984747112
id_trjqjao4jd,15.028631837730657
id_1w15d7g4ge,17.116667151754566
id_3aici5cdi6,18.4556302542132
id_kbloxrog5z,15.31558775574446
id_ovmpiycff0,17.415397639049974
id_ly3xdcti5t,17.89164677909245
id_qb0ptrppyi,14.213142916906929
id_wxb5nd3qgd,14.302250925029455
id_1ry1ir7o6d,16.18531944264084
id_6wbo7y25e7,16.338594569946324
id_tse3bpfaes,13.991514618350347
id_9n988uuhtq,15.302932674846822
id_nzhdqdkc5b,17.15618839337851
id_4gabr5bciq,15.593874733815788
id_dc61oe5crn,16.777284733135648
id_7lbdu1bryj,17.098778327564204
id_mhqk3070i7,14.533678888509568
id_thtyylis4v,17.143361245128414
id_5iiheoohcw,14.166613217523153
id_vjiqa7ykcq,14.276821984100616
id_638vs5aq61,12.444552037408217
id_6cjnt5825x,12.655184941123762
id_534km866kg,15.021968022054207
id_fzkvzetszz,15.81982681933179
id_uwuc9e0lop,14.45133457845251
id_ncfz0o03wc,13.379592542410103
id_1sd88o70w0,13.341189597926174
id_9q3xoxtkc5,14.108569784835916
id_9xf47hwalo,14.386048878809063
id_c9e6k7t8xv,16.9971593331585
id_60hy4zghxo,16.601530307046993
id_vcj2pr28k2,12.85115275626409
id_nik15zq29r,14.075862697856442
id_gbsfx2i90n,12.77426551015129
id_sm9wfzdrfb,30.134405436015577
id_wa0hhql9xd,37.67560682369857
id_xyicbz69wn,11.708982000987744
id_fzfp1gfiyc,14.991620309929514
id_6jd6rh3joo,13.496183240004061
id_hohuu1719a,14.35281406766137
id_45rgo61j3e,13.28185950387034
id_x29n2ig0by,14.713002788182454
id_6pqpt4bc2y,14.475697069153869
id_kix768jdnh,13.290502298215104
id_p4u0awuwyi,15.535417085786694
id_5pkc8dc3pp,13.426631613914253
id_o8g3g3fyi1,15.909295755961303
id_gwi1towzf6,19.254676106268242
id_tl446ky5so,11.978521959355572
id_fv0k1xke9b,17.441512851531616
id_17qgwq8hor,5.129698125822637
id_h169vb8h8d,14.673581879071044
id_vuv2g91m7z,14.776374061650085
id_o62drksqmp,14.04972466650058
id_uvitqz5bhf,12.843150903001487
id_x1v4xuet0h,15.278744076285227
id_jr4seoen2w,15.278744076285227
id_q1efjaqgq0,15.265587100364092
id_ji3o8np61b,17.285409218863588
id_vp8mci8xh0,12.346223490371235
id_x5f7i7wjcu,13.860403865740865
id_eej779rshs,16.195100660826498
id_l9g1xrh5vp,16.411226790940326
id_9qz231bbzd,12.215600586499821
id_3jf3q7rnyi,16.528804989516534
id_y2oiminmvu,24.62578133368932
id_kj1d4jsmhg,17.680083136674757
id_b9dbh7l628,15.986585207256253
id_qkxd74j593,15.707273133636585
id_f9aer27ojz,16.148710349830864
id_v6ovtq73uh,16.46827838993704
id_dha8u73072,16.951546013144462
id_5cdrvce6lw,22.202945767152737
id_05y9wpsdwc,22.979831547018993
id_ty03p4f7jh,21.28750464823004
id_4rxcuqqsqp,38.83904275439483
id_x8pk6xpjba,29.318549050243725
id_rjgh33lh9s,22.307219565612993
id_07eag0levd,18.35027434543493
id_vxesong654,21.388094298632318
id_14j7bt588k,26.676470342875188
id_f63m71zrb3,10.164532613726704
id_o0xatx0hcr,12.122514493026248
id_96xc5f8bgh,11.026683277237101
id_0t0yv19f1q,11.578784713119957
id_dih5frts8q,10.987902938249503
id_trmmfm32qe,16.64946501451903
id_hu3sq815oq,17.78443688020203
id_cxfmqit9ap,11.27068422341044
id_7izfmpd326,12.941701683071782
id_qd0tkswd2a,11.125870658130811
id_otlb3hargz,15.257497070484643
id_st47fowvrj,18.016302792668426
id_4h4pdth392,13.776229112497944
id_g8trb7wy8n,10.815492171090597
id_1wx11gvom9,10.958710241320524
id_rvq5ol3w4x,9.787474666902586
id_7sttnrbjre,13.873046117009514
id_pip7eoyzmk,12.326873226384327
id_lb56ukrqt0,12.6165756572229
id_0hyearkq6o,12.126361570416536
id_mr6v3oygt6,11.746977588694994
id_yzbu3830gx,15.161656213835572
id_94p4j6yomt,20.730280369795384
id_53xsefo8ab,12.166561766260312
id_ymuv4r55o4,11.125870658130811
id_nqkiglgq9k,12.345359418884069
id_q6e19plrfx,14.064305207261215
id_poxowfpijt,14.653338435865773
id_qgt2oyneg3,10.82740368780051
id_kr9teempq0,12.599520345894431
id_q43rzgs3e5,11.19132106541465
id_uk0j14fgpq,13.74206833607836
id_h45ejiaqqh,18.91893102195067
id_u08b48hrcu,12.420270771153422
id_jdgiv3t50o,16.950001051223094
id_8h5gfrz1ja,16.325209614906623
id_mslk5ay6w0,15.401957498954348
id_y3hecd28lq,18.788510801853544
id_9cmmjowuen,15.683143484717224
id_3clagfxagj,15.611533032766076
id_8sttc3ns1m,15.144628334511335
id_uv4kyh58kt,16.45325338413257
id_zmu5hapnm7,17.527404205603684
id_ybt3e2qbt8,17.671918717161223
id_yvdig97vvd,14.046608857953423
id_wbsyjlsxkt,15.714389806549834
id_39gbv940fx,18.126683259357367
id_78sb1wtf1t,19.518427453561994
id_o191u62lgc,21.502945334881414
id_na0qbpl8m9,13.299585171609618
id_daa5h53t2o,16.80672390448362
id_z1zg8tcsm5,18.382802337683678
id_dkvf88hlsn,16.72900965880973
id_qltsdtf4pb,20.04316450014702
id_rcnbilmlv3,22.19408736623747
id_rjcx3o5cyf,20.17484752863112
id_dcvlcfgert,17.95714253796229
id_jujywo4op0,16.323287162522146
id_dgbg639yj9,19.14362613136165
id_rifhty9d4h,18.727870495485103
id_4cz74rv8a0,19.720753417433578
id_rjuh3wooi0,14.920393664398707
id_26raoqfw3b,15.850185680697615
id_yleyy5sp4g,15.468192989565363
id_7lq42pqlpp,18.050556454240006
id_x2m1scwodc,18.780992487098487
id_fs6ppj71si,21.00397739180423
id_0kq8v62wnx,17.61119038223675
id_qrf9ul8pfd,17.077633651612878
id_7k9rf681ac,18.199846507319304
id_0urpsxojw7,18.218749329815044
id_oj7le10r8n,17.914616584689597
id_8w44b89inq,15.702180231957952
id_jooksgf7r5,15.144628334511335
id_zjwzzwzjvp,17.898269676047633
id_hit20lvy91,19.465026354693524
id_yjzrxrwvr1,21.10654225062356
id_ba1airy6ru,16.477468418928137
id_fatkzdj52m,15.714389806549834
id_h6j3ijc59m,17.446898917280265
id_r29rhi7ayb,17.508565089953112
id_n2328yoyny,16.41621374403476
id_2i3htqk8wu,16.437505408938552
id_y8t6iz10zy,15.472666857707184
id_j2xlsmt1az,18.609313169153246
id_zul4loljtn,19.047214902887436
id_5lfy1u1m5t,20.11389152106877
id_4r448lp054,16.116250273634734
id_ks3yurf69t,16.286109317990057
id_xlx05ev9ep,15.800693758248796
id_ybqhvfmvb4,19.036334056549624
id_osbg0v4o7k,18.02784413716889
id_34amm2jgt1,17.090785226906853
id_651jn1ycqz,16.18531944264084
id_bjh20jwc0s,15.679304091321235
id_ev56qyrn6d,17.116667151754566
id_8zf79ts7q8,18.4556302542132
id_fsat380gb4,15.00304384029415
id_5y6h6w77t4,16.65294737109789
id_ux3m69xsv5,16.070374354413232
id_4y4b5x6oqs,15.391801744917737
id_4cmqu4avth,14.302250925029455
id_gd9bm0av1u,15.712217960816307
id_wkp093zyqi,15.717487639382135
id_ubo7o5c61g,13.991514618350347
id_da2q2o7k02,15.302932674846822
id_sfcmtklyr8,17.15618839337851
id_qon3ototf6,18.226428739410945
id_b1pwwzubs1,16.777284733135648
id_idrbyq1iwo,17.098778327564204
id_eo5tner8f9,14.533678888509568
id_dsl16jenz6,17.143361245128414
id_v5frf00iux,14.166613217523153
id_tijwl63sul,14.057802080066155
id_4nertyfo2z,12.444552037408217
id_1h3y0ycsbh,13.276291871687954
id_5ew52k2xfs,15.501262128569584
id_c1hedne5tu,15.81982681933179
id_drxgi1b55w,15.188254649712642
id_b764z0tp5c,13.379592542410103
id_n3ksb769k6,13.341189597926174
id_jvruvalbrm,14.108569784835916
id_qv4ehj6p1w,14.642931401794396
id_jxdgurw8vk,16.9971593331585
id_2ymafuhxw9,16.275414236235623
id_xgqoe9srqb,13.760483594683128
id_swi6t9g6aj,14.075862697856442
id_ttjz1pj6fm,12.77426551015129
id_8xv38j3a4z,14.60451368353793
id_yrqtamezkd,37.67560682369857
id_dzmpo7xtkf,11.708982000987744
id_u98r20l7ih,14.991620309929514
id_15w4tm2lvc,13.496183240004061
id_f2rhz6xl9n,14.35281406766137
id_so3qn2op6b,13.28185950387034
id_j5evcz5irl,14.713002788182454
id_4hfhscd1n7,14.475697069153869
id_akaaqo1io1,13.290502298215104
id_677lexrm68,15.535417085786694
id_4555ud3olu,13.426631613914253
id_b0q1fq9sgn,19.254676106268242
id_lbljktjgzg,11.978521959355572
id_ph7h4vs00p,17.441512851531616
id_8k0yeqq8re,5.129698125822637
id_0z3pcoyibd,15.99548891360061
id_riellbxfqz,15.397480992214264
id_22067fyb6o,14.04972466650058
id_fcxnbnpbtq,13.435252625762777
id_058r7cipy5,15.278744076285227
id_58g26ly3b3,15.952681963047382
id_hfta2jdk0t,15.265587100364092
id_l0z16v7e6t,17.285409218863588
id_z696ot1p1u,12.346223490371235
id_ok22kq81e3,14.541625765958502
id_8c4sb9ee7u,15.298883944112152
id_j83bo3ks17,16.411226790940326
id_8vcb1z1tah,12.215600586499821
id_cfy6d3jhx7,16.528804989516534
id_krv1ca6cfb,25.442915732442426
id_3d0miob1p5,17.680083136674757
id_iib9ayuluh,15.986585207256253
id_t5k9sx5xqf,16.25577904623379
id_zkw0mo1z9v,16.738070431272085
id_sjwqgvoa6l,16.083115731060836
id_vzxomw7xu0,16.951546013144462
id_ig9ksmea4f,23.46293705082701
id_p70jdvpgtu,28.380810433791
id_m0gtw6nh7p,22.979831547018993
id_i0y6y5f0km,21.28750464823004
id_hyf3spl0wf,38.83904275439483
id_rshwplefjs,29.318549050243725
id_3b0x2a5kdq,22.307219565612993
id_7d9vzan37b,18.35027434543493
id_1ma4lggm82,28.059008453649284
id_pym8ooemqb,26.4705195970605
id_b0ww1vi7ut,16.30080429648738
id_43huts58gh,17.140135292226127
id_ivuzjmumge,18.61610003469464
id_643x1kcl8a,17.95714253796229
id_8c62htwyf0,14.242811468557628
id_gbcegwehwb,18.62260533586143
id_hx6qnu01o7,18.199846507319304
id_r69gk2kevv,18.218749329815044
id_rfr69eoy4e,17.914616584689597
id_p815xbtmh2,15.47063550887076
id_q4htbc3mv4,17.156075409542296
id_3qu1qg5an9,18.55796771062756
id_jxt2raj564,17.19395820088102
id_whkxth8443,15.906097936849072
id_r5h0grolrb,16.13397398411514
id_gqz444p0t4,15.564212512076644
id_cm6tbu9klf,17.967180266820645
id_6gaw1mpb98,14.071158896520886
id_mi6cveknqi,17.798473048670697
id_hrztm9t3ga,14.706089655668475
id_2f9mvhe5a3,15.395999558700398
id_yrz4dphzc1,15.274470665712533
id_zngjgoo2dk,14.666632016154725
id_pxwxzopg5w,14.880155198005395
id_c40jzd2xtz,15.040249200972978
id_h0w3y9kfum,15.54148439838244
id_78loal24ig,16.036868014392713
id_a6zbnq2jfl,14.666072741882171
id_dwojdf96vz,13.133105370254503
id_kh8t0u2ykn,8.651760871604703
id_ulncgfoozq,14.35281406766137
id_bhaumyn0jh,13.122842670977711
id_75yu6r1ix8,12.805524683350058
id_nvx1ah4m6e,19.254676106268242
id_4szygx4nu4,12.661195590454305
id_cfhk723676,17.441512851531616
id_rt31sygm68,6.752711329978835
id_dwxwdulu8v,13.85289764016314
id_dclo8jsxow,14.747490798609393
id_u0imoqh2c1,12.425276057204467
id_a4d6g1lekm,13.857205404198826
id_cwv9ah2kuk,15.17793327699665
id_1583r9rcn9,15.058353466035719
id_55v93496t3,15.866000623733239
id_p6iewno0go,17.285409218863588
id_a3wluzck8n,12.346223490371235
id_tg3rfg73mm,14.541625765958502
id_haijdo7a8j,15.678978583797814
id_aukksta5ut,14.470375354700783
id_vwfdch92yw,11.801398871745072
id_vr9rjzdio6,16.14364233064033
id_hq9rjuwiqd,25.442915732442426
id_plkyx8w8df,20.160054863265813
id_mps4kqn7xr,15.87756874736729
id_ohn2jvlaqc,17.249012323427078
id_r2vvygjx7z,16.1169635007079
id_8ythlcs4u6,23.085274780603953
id_wgho99po2u,16.689029572035
id_y9o3zgw71a,25.382422576489148
id_5lp79xg2n0,28.380810433791
id_vni712633p,25.51654709183862
id_j2425ljqo0,20.94398897430321
id_01j3m051aq,42.673626415865535
id_r0n1tbsc8k,29.318549050243725
id_y7ffq95y6e,21.217151103973325
id_hajr115naf,17.72916741487074
id_vvmmry71u1,29.617017678589445
id_vp5euuu0a3,29.172876786505196
id_cu85lbcwzc,13.873046117009514
id_p83lwl7p4d,10.79142566681506
id_xnvv8228h2,11.964127341789192
id_t8sup9cci8,11.505254639852353
id_ryshnzfv4d,10.603689535149579
id_h8xe0d6wnr,15.161656213835572
id_y3i49rn3cl,18.98240722974326
id_q2e9lqyx5a,12.497922581707165
id_rxs1idu9rd,13.137317733161774
id_4oegd66w25,13.399834174271236
id_bb5wq93x8f,14.412263690664965
id_52ecm6umwm,14.653338435865773
id_8dwwuytb5v,10.82740368780051
id_zzjc7k91lz,12.273188101272096
id_13zklidhjm,11.19132106541465
id_3987oyytgm,15.422933088526694
id_vrhp90mg8w,18.91893102195067
id_qxd7crl1kv,13.041377701717614
id_c3yqmpgirm,15.882009829672205
id_m04u0g3jmm,15.472666857707184
id_oh231618a0,15.401957498954348
id_mq7wn4kpnq,18.788510801853544
id_1s9kt1d46m,15.521450453846466
id_o2jovbwixk,15.084749667736308
id_lbks4puqps,14.00134028096591
id_s12qsk2fm3,16.023064429518538
id_oy724ak7cq,17.203974391169076
id_g27rgw6pl8,17.671918717161223
id_uvlutbrlhh,14.046608857953423
id_uejyos5gh3,16.28720945600249
id_9hys0algtd,18.126683259357367
id_ga16h299c7,18.339768625551184
id_gxrrg3cnlc,21.502945334881414
id_7mz1vu7g4g,16.871075560678612
id_g2fmh836nu,16.80672390448362
id_yxk6h4ayeh,17.69093387131136
id_unsewqvn1a,15.759944244841806
id_1e0dh5jqvo,18.031717425116057
id_ieyz0z6h0w,21.24664819105094
id_t72jq7wg7f,20.346422752142637
id_h18rx6y3e9,17.63102646715092
id_70v67oh9n6,18.008618166741737
id_jmw9nldr1w,17.52731433135641
id_484spy9w6i,20.766211400184567
id_g65c62aekm,19.720753417433578
id_wv3teofdra,14.920393664398707
id_inx7pj1zao,15.850185680697615
id_ny05t5mh1p,14.674675291842268
id_u5tjmpvirk,19.229215282250816
id_svoeh6do9g,17.592052654826837
id_m25fiokemr,21.00397739180423
id_ot5b3e3mun,17.61119038223675
id_ssjjy0d17f,16.88550854689668
id_yru4k5km7g,18.199846507319304
id_gr9x49t37w,18.218749329815044
id_dmyl2a0wte,15.702180231957952
id_hc5646p82r,15.743010164700404
id_elm57z8vqj,17.898269676047633
id_u0fstcz8di,21.783527695659018
id_qttfy8k8h4,20.404910519510462
id_o3axo0etr3,16.83449404407804
id_2q9jp9vnu1,15.714389806549834
id_q6ms0le9xj,17.446898917280265
id_f93eoya8id,17.508565089953112
id_hueq8wmyii,15.114974823430037
id_lf0lyj77n1,16.437505408938552
id_luf77c9for,16.093773788271374
id_d0ssfcbe7n,19.62845432491257
id_qec98cuhd9,19.479873113025583
id_kj1jee85qf,20.11389152106877
id_tegcy3ymge,16.116250273634734
id_qtt1ub0cqr,17.464768146000864
id_f0n6fd1fzf,16.76633330466345
id_h1ar66egyc,17.921165961788784
id_81jnrshsul,19.01757215138832
id_jcg12akmp5,17.090785226906853
id_aq2pxbmh6f,16.18531944264084
id_e0qqf76fzh,15.649738768294846
id_wg4g9os7j0,17.78209902220974
id_3oodaxb9y5,18.53654474127379
id_kbmagd8awo,16.064485088086126
id_j9h3i8oh4m,16.80023944031726
id_hasyime9kt,15.902429261027953
id_sp1rci8n6i,15.564212512076644
id_pyl3gv21d1,15.531637266206705
id_qal583nrjb,15.564212512076644
id_0jahn21yg4,16.05996045343597
id_cdgc01qbv0,16.88658506505496
id_i6rcrq03t3,15.79699383904347
id_8u55jf04b4,17.15618839337851
id_m6pipj4ki2,17.007966113765427
id_gy8s836zbx,20.20937336506728
id_0uh4v68wol,17.27118909472311
id_7fcx2np47p,14.533678888509568
id_6wr20e0qhu,15.966784075226347
id_tof6i4dxr8,14.166613217523153
id_k9y121i3q6,15.274470665712533
id_ufnloy0p6l,15.077106043003367
id_bmbz4ag2h4,13.276291871687954
id_66fiqi3hb7,15.56196686380334
id_ao488ekn63,15.383848411457377
id_qa08032ux2,14.303329129712846
id_dksj4loxk5,15.54148439838244
id_xcnbk7we8b,13.493240126400627
id_d01xs14b12,13.846053343726453
id_gtbikppc9b,14.494925953054732
id_vexdtontsk,16.9971593331585
id_i2u4lru5pj,16.117027084998565
id_jd4dzel6u7,13.760483594683128
id_lpa9r07z8b,12.974718219017447
id_51jaijw22u,12.77426551015129
id_banl3q7xba,14.60451368353793
id_vutwngujan,11.97502275936689
id_8ymb5tnc39,9.526181652667246
id_5o92himecd,15.824997273769966
id_j65gxna4nx,13.496183240004061
id_ox2wsaw3ia,14.35281406766137
id_k2707sckem,14.218941623985797
id_mpj0lnxacc,15.096803999718063
id_xp21rc9wlj,15.306167264829933
id_95qlrnfn3m,15.535417085786694
id_jjc390qqbh,13.426631613914253
id_5q6ntj5feu,15.909295755961303
id_ulrzxc6or4,19.254676106268242
id_wyvwl4bqdu,14.26491320610682
id_f5b42pbalh,17.441512851531616
id_3piuxvnarz,10.036337949614778
id_ujdq27dnuy,15.99548891360061
id_o3842mf5fv,13.359898473758683
id_vt4p2wegs4,13.123081646155837
id_z4g1p19t95,12.44623855227192
id_bhmbzfmckd,15.278744076285227
id_lx1nwyvve4,15.331575032483201
id_4nsm6zzd4h,14.438485795020492
id_9jra8eod1e,17.285409218863588
id_qbc2s39kpt,12.346223490371235
id_hwtnn2m6nj,14.541625765958502
id_xmn0zn0jvp,15.298883944112152
id_5022yedndd,15.527603419266677
id_wdxog5yev9,12.680726928304429
id_aokky0eeqq,15.907698058952343
id_1929ukjz7m,24.62578133368932
id_6ezdibfpl6,17.680083136674757
id_muark7nz6q,15.745504813133557
id_l6s3otmx1p,17.068413553756542
id_evzd01c14s,16.148710349830864
id_h40j4g6lko,16.083115731060836
id_kn6e9u36j4,16.689029572035
id_8j6zj2o5v3,25.382422576489148
id_mdql0oe5vo,28.380810433791
id_0ejmzowt7c,17.5994774315913
id_l7koi9bqvu,22.176850405734577
id_zq9peruavc,34.03846642102087
id_w9vfge8zvy,29.318549050243725
id_m1u3t8z35l,24.458772451556417
id_2akds1jali,18.94237606819622
id_wejvfo8xac,25.950994093855925
id_wdhrtx9pfs,26.5784012207143
id_ss8ixmpjdu,17.080985196341114
id_8v78f3tzgd,18.63139827778055
id_1mnkwpnpkp,20.956159238584142
id_jxl5nffktz,23.431809654051545
id_k4hums63fu,19.042056161948366
id_cb40n09vwf,19.98323175264239
id_ojvdj9l7ir,17.952568007238362
id_8xzd5q9b2n,43.63249119930776
id_a2oil7cfw8,22.13567379503818
id_3eb707sqy9,21.198643130468547
id_fqpoallv5t,19.110805747647298
id_a0lghu0yk4,23.90076358195587
id_2s5h4jyu48,20.219726678033535
id_tfr1w48698,22.538737010631976
id_jw7cwte35h,22.438527586727652
id_4myw2ppn88,24.25631779257908
id_nu2j6ezn8a,22.43601949706814
id_1pi7rar7w0,25.045661235963344
id_lp1eem68uu,20.310971241762324
id_i59r7imuxn,20.05794231108202
id_jfhvjfzvfa,19.262978128125127
id_co08yelk6i,15.802049228136623
id_ozh35h3nct,20.22394793938883
id_cf9woqagxi,21.865786312491817
id_4pbhg788eu,15.87340811684865
id_xqnx58hv20,20.223542505747293
id_g7e6fyre5k,19.987278748049125
id_i5kwutfr3y,22.100263909113266
id_xl68jb742r,27.563142808411563
id_dcvf785h1y,21.129882169861492
id_n38vpdzrl5,17.076961790419418
id_8520840u02,22.23921699255243
id_27mp59yu1m,20.14454117555502
id_053nn3pbfz,23.471409398843385
id_1hkqlxmn2v,23.023017232407593
id_h8b77jfadh,18.284647020727405
id_ohfvgfke8w,20.849151738482757
id_i89aiadf4j,20.256631954072095
id_dczobb4ttq,21.093955014448714
id_xu9ib17loe,22.112195342105313
id_i9njn3noh7,20.38011825589585
id_90v0etup0d,20.37067357075299
id_9p6b0j3eu6,20.569438974008037
id_xbtp6hvq7f,24.400813641256583
id_4p48d96fhm,18.160504388897667
id_34ll84rx9f,20.068884295163983
id_xvk1eas2cj,21.285211836290856
id_u3byzh8on6,16.89638855445479
id_9mmhnd07no,18.74426778991947
id_tf59fmc5uk,15.504956612643994
id_eu8lfqr566,18.81150932423558
id_quspwoer1c,20.57708489126958
id_1udgdtpt4j,18.280092156286987
id_mp1wgahaac,20.80580436642411
id_ah05rwmnc0,18.903507372108844
id_99pzz5yuak,19.395445820379017
id_sts4gl2h3h,19.020673480746165
id_wkw4zd0vo6,17.868749499299575
id_42mzemmqf8,17.709216894012197
id_pfup6tmwcc,22.100190831560553
id_g57cpderdh,52.30617006424265
id_snv67pqv74,25.639752966048512
id_9htd0dd4o4,24.693666616840915
id_wvy11x9u8t,24.748809146124486
id_biytotjie2,20.963738423730156
id_xtb5hfw6bd,20.81734294334379
id_65l5hak91b,18.298397761768154
id_16p4qjzi91,25.639038831749243
id_fa6j0h18yu,27.43135963175498
id_0hpi956wos,33.28564375651644
id_6llaal44lz,25.583895154425754
id_bg7586se6s,26.501731684079363
id_dr24ka6xxv,34.54805047298411
id_zova02slaz,23.180060385473666
id_4aa970r08o,65.33003424426664
id_5v2k81ndi3,36.62650006661294
id_w0w2t7llmy,63.77820523653139
id_3v0pkvcpfh,14.578782236102995
id_5jyp9jh31b,28.45447455750726
id_s851gktvnq,32.41869614924911
id_0c31rjprf8,31.689669427122293
id_iclf8934dw,32.20520305627642
id_i0kzmw9707,42.33522416861454
id_mh8gne9yti,98.96105757873502
id_ztrwp444jx,37.67486707395006
id_7pzbvg9uxi,30.403409365938032
id_zyh4qgghaw,44.20543844626826
id_tirnjget2u,44.869805127647204
id_f89ptvm1ms,68.07979387932545
id_s5dy4d934y,59.04484973535123
id_0h4f1xrjyj,54.453422003914774
id_rbat046yjy,41.11049910407716
id_6o66xnm1yu,59.96039750428921
id_lv893wwhs3,65.59158050378525
id_t6381wgsi2,51.88890455568791
id_sgt84ewftt,71.21035742525623
id_hbt3rrighm,108.97100738761632
id_gmsjw4fd0u,70.24329881171653
id_rfko1do0hk,16.66958042716299
id_zbl8jgb2uw,17.397183520655815
id_1syuqnv0zf,18.322986943090335
id_505znfwne9,19.764596922764127
id_64xsijlwga,17.95325302418182
id_np7zxu024l,17.597403226419615
id_72gfwpdc4j,20.201551393040972
id_0cmp4g2ubt,17.894478206520425
id_e6wx5c307f,22.04146950958477
id_05luzgibct,18.728465031498857
id_13vd6nfqlg,16.6881826773711
id_dk3pcbei6n,21.6294053617262
id_b98ce0qkq8,19.691201941413794
id_dul45idm6l,19.979907473961692
id_t0xjo4dade,42.57079127899909
id_nk6tuv7y71,18.346657887694807
id_eg12ovcwpw,22.96023420731881
id_hlwwfh3qu7,16.743219860035968
id_kkhhupasf0,19.110805747647298
id_gnh3lx8tp0,25.587327437457674
id_k9sufsvlha,23.250333291694716
id_ars5keh0vw,20.219726678033535
id_r3gn7hnst8,23.035927542532676
id_asxb2wtleg,18.99499260695136
id_zbfwtwc0o0,23.85013196917894
id_y25nozzr46,22.237111335018167
id_hvslvvau3s,17.376251691188095
id_ow5f3qjobm,25.039324613200737
id_afzc6ul1wy,21.782456315574766
id_xk9bv6spi8,17.962517755076156
id_cd4wv6i21d,23.147077449651714
id_lhe7t7ml8n,19.28640599182147
id_atxrpetdw3,17.693752067541656
id_0aj1mxix9q,21.07306412905842
id_no5yjlcm3g,18.515585137084614
id_bjvx3ng7q9,20.92568091295444
id_uvoli7jkk3,21.736938230834504
id_8le9qqlixz,17.87282516487986
id_a3jcz7fc27,20.75790008109713
id_793ke4x5e5,20.24519554738786
id_loljxr0mo6,23.302302403028822
id_0v8evpy2qs,23.89002075263082
id_0bmqcvks9i,24.55788811461401
id_ug9e8wl8h0,21.129882169861492
id_aonmnfwfqw,19.596520860826544
id_9h7w4b7oww,20.556410141679567
id_6gxul944md,22.422500780296133
id_8y3pcwqv5b,25.931174541429055
id_6gvnwx27b9,21.237307550963877
id_w0zxvghizq,20.383999374520663
id_wmscdo85fe,20.000753618399223
id_xrbsdkk2c4,20.764170116329332
id_pcqx5u6le6,23.89002075263082
id_6smk5au66q,18.24607629787623
id_xmzhq3a015,20.68095886290772
id_ueml1oc6xg,20.256631954072095
id_tycn46bdt5,22.742557613863838
id_uhm4o38ksa,20.920633026285298
id_zz4zc4dfvr,25.08690132544763
id_3dps54vf0f,20.54831113147089
id_hp0ejuyv3t,22.02215428471639
id_qod41j7e0e,20.629987924673706
id_4s4s9ljllh,23.47091154822336
id_8vmswwvy31,21.140248450808652
id_hgbeyzbqa9,16.825006525368725
id_9eazgq4i93,16.683634491461518
id_15tfvndhja,19.92087884642432
id_akw3lvhlr6,17.756510486639115
id_pdrnzevlv5,18.05861295618231
id_k786vuzcmw,22.33737188166622
id_ii36qck65t,19.749614062700484
id_luo9wejxo5,32.002516375712034
id_dv7y922sze,16.18170048083636
id_zcs5e5jjv3,18.768673108338707
id_nl1ahmmrsk,21.46353863217353
id_n2j1w4zr7n,19.41613129737566
id_edhr3ruhca,20.32331580390045
id_gqpsd6uict,20.150905036741545
id_qowgzlfn74,15.504956612643994
id_qs2l2xtdjm,18.643316448660542
id_4lrdvrygkh,19.92087884642432
id_auybt6kold,14.023176092509926
id_ufe7g778jt,16.946650863684695
id_7324fwd9hf,20.429079442529915
id_sn73v8vz1i,15.91087168096951
id_ojcp5cpvj0,19.92087884642432
id_op1s93i84z,19.45929608481167
id_io2lx9odns,19.789581879669907
id_06zbl7jtc1,14.09349664900671
id_1ttiqk66yv,18.03204845339616
id_4pt0caxqat,19.395445820379017
id_ws58vo2yzn,20.517452424928386
id_tce3ozp394,23.206677231519638
id_q7t9b05o1s,13.390962220845706
id_awrm3qdtbv,18.273714804730766
id_la85j0outl,22.378473011689543
id_i6yqhfapf6,17.953983557501704
id_snwy8kzkae,20.733226781384676
id_6v79axy48w,16.723794420931977
id_4t3anhqio5,22.65283014137476
id_q74mccdm81,20.53287822150025
id_ikn6e0mpzz,22.662886513176492
id_v8txb18kd0,16.944825483640912
id_audlh8gjcf,18.53540577231575
id_zfs5kudqv5,24.374318535590596
id_rz81mldmne,16.21786056124744
id_h4oa84i9r6,17.235411246352708
id_htkc980daf,21.946686551519132
id_66wzrdbk8j,23.33484882427634
id_p8oxssnqa5,15.395970564465634
id_thd2r3g438,17.20230102638478
id_8ac2fo3bzi,16.02512118447
id_9ukm2znbos,18.284355550621086
id_vq9e0a0452,19.468847911623907
id_8ao6r0by2m,18.70468931933682
id_hgrtbz1nsy,25.86667751360595
id_7dyx4tphmb,24.32245689024868
id_int2pnz27d,20.04257531170243
id_1gi9fmazsp,19.15476802385946
id_5dhzpnfsc8,18.421825608450344
id_olg30s5x5y,19.990408772932334
id_t5523jtnh4,21.643276733549786
id_vqcahchrt6,25.509678162368107
id_fk1sa9hbwa,22.361755414909975
id_ok160agwht,18.713771069478064
id_xu17k53yq5,28.33386927082546
id_xmzcqauw3k,26.984251271883622
id_aour5rgxfv,9.836538287636605
id_nujzd9pafg,21.819959561204755
id_icrv4paofp,22.17659570068795
id_9yatzebc2c,23.02538964764192
id_gtjn6hxle0,31.109322851628384
id_m6f7hnj4t0,38.64793426424597
id_1v1fi85h14,38.8470188573077
id_7sp5685ieu,34.0410144376999
id_liqr0uwqrd,48.104707241344634
id_03lwil97qb,55.064359612074135
id_b3j3fd3rmh,13.873046117009514
id_sifhxybxky,10.656473098847497
id_hz8r2su7q1,12.724743400605611
id_idsihhjz6g,15.161656213835572
id_o866qvk74p,13.784572712128513
id_0u1n7gtyxp,13.137317733161774
id_lyrsajp3xp,16.33826872340165
id_bzccsloevv,11.147562605575207
id_9c9z014n0r,12.515264640428306
id_0che20octp,13.74206833607836
id_8lyeumoumq,13.041377701717614
id_9wiy3lc33n,16.851075243640135
id_9a78zekrny,16.30080429648738
id_59yb1kfkkt,17.140135292226127
id_5qugn6f0n4,18.61610003469464
id_ch556d7iza,16.13857259154064
id_yljh4w9iu6,15.084749667736308
id_cngpsdvk41,15.144628334511335
id_cpc394pksr,18.0345115045495
id_9e8yludv11,17.668612837527515
id_wmvjf8lqx7,15.619493388562743
id_fxa58eejly,18.569483344248045
id_lrnh9ds8zh,14.674675291842268
id_14c1s7ewjb,18.576766966817107
id_8h35d7as03,18.62260533586143
id_pirch232ad,15.11054508609319
id_l2k4cwt2y4,17.796318904926522
id_bv77jcdr0q,17.233467030300428
id_fdqc1chspp,18.218749329815044
id_62ln78y7zw,17.914616584689597
id_r6uupiy606,15.714389806549834
id_pkr851vgsb,14.946781947855
id_5dt20d24kt,16.76633330466345
id_14iduc4f9l,16.18531944264084
id_s0oyk7nplc,16.790334907132227
id_ohoxj2ghjr,17.184355738681944
id_lx42qav5js,15.564212512076644
id_7y4q699t9l,15.836679701829784
id_dp3acipvh6,15.470877768232103
id_t5pefcc5b8,14.666632016154725
id_lpt30pg4he,15.501262128569584
id_3t6sgybjdl,15.259582000079176
id_9n0a6kx46d,15.54148439838244
id_slvqhia6kd,12.788918991751816
id_8ulyzkbx2b,13.224946413162261
id_jo0fplisra,14.666072741882171
id_dy11ridu3w,13.133105370254503
id_3qf6thp1zq,16.117027084998565
id_irq21mxj78,12.805524683350058
id_w2cuumaw3w,19.254676106268242
id_nwr2vpkoe7,12.661195590454305
id_u3ih52igtc,5.80136208389205
id_o1esa8wsif,13.85289764016314
id_gwxneemm8m,14.010570727349261
id_mktr6ix79w,13.435252625762777
id_2ptvfeal81,15.799040207560836
id_elkdukvihq,15.058353466035719
id_qwk4cugilm,15.410122435073612
id_1oz3u6pwhi,17.285409218863588
id_y0xvef09vq,12.346223490371235
id_23gmc7gsmv,14.541625765958502
id_r0m6c354qj,15.198538049862671
id_r0sqad4l78,14.470375354700783
id_ghdqd5jsd3,12.680726928304429
id_x8bwqtepbs,15.522535400076142
id_ya5dvzycq5,25.442915732442426
id_9wue1vw0je,20.160054863265813
id_cv0ocjo7yc,15.256461816803105
id_tembu3gfxi,17.634174982303282
id_jtuteue33p,16.1169635007079
id_lzg90mlb1v,23.085274780603953
id_z5sz4wfbb3,16.689029572035
id_po61337o0p,25.382422576489148
id_u3ds0qs0ja,28.380810433791
id_ux2weabz73,23.364994205895197
id_8ew9nnhjzb,22.176850405734577
id_lpk5vf71ew,42.673626415865535
id_haz6ywphnk,29.318549050243725
id_7r1kfjjh14,21.60231376284953
id_663tkhfuc6,17.72916741487074
id_z9c1h7fnjj,30.097458212524586
id_9dx037ij0q,29.172876786505196
id_f67k2oy6ky,35.42581663711424
id_cphmkwhhm1,44.049240357697606
id_jhqjrinix0,42.93039554189257
id_n5se9alz2t,71.02173013420844
id_lcbe5mxkum,21.178069199046064
id_4fe6r13wal,27.1893097029961
id_ijzj8r2su1,21.42807901876638
id_msz2inba0v,20.86630454171813
id_qd11jjsx2b,20.134160835763502
id_b47e89k3ve,22.85326548852227
id_7mb9t9x9tu,26.18725827108895
id_mvbhi84jmq,26.912453096969
id_3yqqem9nei,17.4707931110898
id_ivvauoj9x9,29.567023400034422
id_3jy613lg44,21.640630388147393
id_m91x6rqccu,24.214151800239442
id_8q076jp0mr,18.189606625095987
id_4zcmj012is,23.859483154426677
id_kpjiqdh6zr,21.8994488225039
id_dfajl055xn,22.841130310404775
id_frm2rh8uv4,22.535037802750157
id_yo72un0uym,24.84779465177081
id_wa7g7cyrfb,24.693666616840915
id_c0600luvkg,23.544516034368343
id_55u72g0c0l,20.963738423730156
id_efc4gex2lq,20.81734294334379
id_cdwfcwcj48,6.002091685039743
id_yc1gty3xqz,25.28496317236016
id_867am351jy,27.251088766522066
id_sf4b9w2jdc,33.28564375651644
id_vsa8h55f8i,24.962788223861565
id_ovpfocbku2,26.501731684079363
id_xbgzqf0szs,34.54805047298411
id_15v5x12fo2,23.180060385473666
id_gxgs0b70cv,66.96994962009775
id_g13m7fp2dp,25.557367008554518
id_cav3ox8jtj,63.77820523653139
id_vhu174dncs,14.578782236102995
id_o6tcsfwljz,28.45447455750726
id_98jqgum8n2,31.11379804707661
id_m9og9r3r2y,31.689669427122293
id_abn9ddpwtj,32.20520305627642
id_4zxljdntpc,42.33522416861454
id_y6howqrmjh,80.27639536045382
id_5ke4foxu8k,37.67486707395006
id_hjqgkm27l3,27.91718522790244
id_f5i3m6wxqj,41.38148841666669
id_j8hsu09w89,44.076543899011654
id_czurwxut83,65.70244595418056
id_prz1am7w85,59.04484973535123
id_8bkmhgqh7f,54.453422003914774
id_yz3ljcsheb,41.11049910407716
id_ss72nbk35w,60.486608016866306
id_gix31lwz9r,65.59158050378525
id_n5jqluy02q,51.93551369256346
id_vsz8smmdv3,71.21035742525623
id_hg0e7skz0t,108.97100738761632
id_esawyovxf1,70.24329881171653
id_hc62abtu6k,15.472666857707184
id_r8r0rkheji,15.401957498954348
id_xlindtdnz2,15.96451309372228
id_lnjrpbezhk,16.323287162522146
id_mgtu4ilbfd,20.766211400184567
id_5xqaypkkvs,19.568702888959127
id_w3so8j4bv7,14.920393664398707
id_7w1zp8cjcn,15.850185680697615
id_67uys7wrv4,15.468192989565363
id_r17gddig0j,18.050556454240006
id_e3vuqck2h6,21.00397739180423
id_fhszavu8ax,16.893048634560643
id_luamixbkgq,18.199846507319304
id_kqm2f56xwc,18.218749329815044
id_zyxetqm6wu,17.914616584689597
id_dz8pj6oclh,15.63858060225604
id_adeyv5o4f7,13.95306601869132
id_fz6qqj1h1a,17.898269676047633
id_n87wj2ambh,19.465026354693524
id_f70k3emlx3,19.667990448250336
id_vgoievdbtz,16.206656004353004
id_zh20dby41t,17.446898917280265
id_8bvi6lu9pe,16.41621374403476
id_q160zgg9me,16.541634698810956
id_4626is4jb1,16.093773788271374
id_yb12y6lzfu,20.122515489109222
id_q28sbilqoc,19.49278459050458
id_tum04j3i0k,16.286109317990057
id_rmvr6nrclw,18.122467734687746
id_htvqxawa72,14.83424984747112
id_fz1uc4v5j0,17.116667151754566
id_7b5p3b0df6,18.4556302542132
id_2g79ep4pkj,15.31558775574446
id_iqortjdma0,17.415397639049974
id_le8f4g0pzu,17.89164677909245
id_ekpzp4t5c4,14.385553684065835
id_gesmljsvjr,14.302250925029455
id_psei1suku6,16.18531944264084
id_hqwm0196vz,16.338594569946324
id_69rxifzt35,13.991514618350347
id_4o96zxaznr,15.302932674846822
id_3wrfo6380m,17.15618839337851
id_1fty7ttimn,15.593874733815788
id_c57ji3ham6,16.629279284395984
id_wvw6k6vp72,14.166613217523153
id_0p1s7vp852,14.276821984100616
id_b52rchktoy,12.444552037408217
id_xgf7g7nfe7,13.276291871687954
id_sm7nxaxevr,15.021968022054207
id_pyl58w1gtb,14.45133457845251
id_nqbx4rommx,13.379592542410103
id_19wzlmlzng,14.386048878809063
id_z1hdqiwyma,16.9971593331585
id_5mgd2i895h,16.601530307046993
id_60a72t2cay,12.622433281109561
id_a66evs0aqw,14.075862697856442
id_iuiyr65rvv,12.77426551015129
id_eaknqbzf77,11.708982000987744
id_stb9gc066l,13.496183240004061
id_qaykme2vjm,14.35281406766137
id_dt2xwaz5io,14.713002788182454
id_733wbi020k,13.426631613914253
id_m1jmaidc1m,15.909295755961303
id_iq7tgns55s,19.254676106268242
id_fyy6i6j06h,11.978521959355572
id_anv4htdeo8,17.441512851531616
id_f1xdbych81,5.129698125822637
id_vjajvq9znt,14.673581879071044
id_sqcw91cgln,15.397480992214264
id_w0kn8lsfm6,14.04972466650058
id_d0y2cmg99p,12.843150903001487
id_c0lde7ws35,15.278744076285227
id_nkpuzearf0,15.278744076285227
id_dny7wqpwsi,15.265587100364092
id_mut5ylxif1,17.285409218863588
id_6v6apoias7,12.346223490371235
id_aanbewd75e,13.860403865740865
id_g3wrkoouk4,16.195100660826498
id_nwndwrpf8o,16.411226790940326
id_21ug002h0q,12.215600586499821
id_pd01tyg62p,16.528804989516534
id_wcb0ckggc7,23.63401721861181
id_3xfe9y6qy2,17.680083136674757
id_sg7nyshurw,15.986585207256253
id_fl01fpudeo,15.707273133636585
id_oz6t207lje,16.148710349830864
id_yq2em36nu1,16.46827838993704
id_fe0mlkkqtt,16.951546013144462
id_1lzokw7hi1,22.202945767152737
id_1pgeidv7p1,37.1680209571101
id_lbrv1ljzfv,22.979831547018993
id_ws4vk1maeh,19.79740473812544
id_lkjm5o21jg,38.83904275439483
id_esgom4jjh0,29.318549050243725
id_5wgz7hxu3q,22.307219565612993
id_ce45fi3i9r,18.35027434543493
id_e0fmjam36n,21.388094298632318
id_t9gpc6cl08,26.4705195970605
id_4e0oh24nij,17.25339596350002
id_wcvcujkjfa,18.779403726520215
id_959hw03dsc,21.57726616914833
id_mfcbkrkwil,18.952580405877512
id_it7jxzllrd,20.787249751962495
id_8stz7b6m3b,21.02041652220659
id_6w3q8g9iws,17.894478206520425
id_w0ee2fe65l,23.431809654051545
id_fhgz7wzae3,18.32733478918542
id_w2rchmas4e,16.45946320221657
id_jmo9wtwu8m,21.75098910042568
id_uerluxmuy9,19.32397977223697
id_22yl0qw8q4,17.8045625584987
id_a9oc6x2g72,42.57079127899909
id_qbhgqc4yet,22.13567379503818
id_rn6vcvicw5,21.198643130468547
id_ytcdi9ix3q,21.742658783216392
id_qzfdep9u3c,20.17250566795597
id_33pv489fe5,25.587327437457674
id_u1gjjizqyk,23.56015993922193
id_w4rf4iv383,20.219726678033535
id_3zb1zekfcs,23.035927542532676
id_ertzpococf,21.533662422082244
id_y6ouxkmf0e,23.292033088000228
id_q4dvl9exoc,23.178101233143277
id_imi2dyvmxc,19.311184390445632
id_8flbm45nba,25.039324613200737
id_0d93zxtus4,21.782456315574766
id_xfxo3cb3tu,20.714797292916625
id_h8j2nrpseq,19.829222835927492
id_4gw4m9unp9,19.262978128125127
id_8lqfepep8r,17.84175751628132
id_lbql83v1pa,22.704525521405593
id_18r3kupks1,18.022126890225834
id_bz3fcm9azs,22.00140444918496
id_vxwc5l36hb,15.869190225264783
id_1m3ayw8orl,20.39173538132233
id_n7s22ti3u0,20.75790008109713
id_7ml18gt65i,19.503023308190453
id_pu8pv7gwz2,23.628418473840192
id_ru43es0zjg,23.75993730366772
id_n2y5dyb90j,27.563142808411563
id_v6dywtd3ti,21.129882169861492
id_gpm9b55dkf,19.46884892679283
id_envkemqd97,20.383999374520663
id_rm0pa4kk4k,22.39927278476787
id_s1qxkd8ot0,26.444936994013606
id_bwv1d5pcax,21.034758608325916
id_cvbktrmvyp,21.60857018705493
id_k4zxmef1ve,19.976348299979982
id_61jelkjb5z,20.19327844291929
id_0zwlyfwhg4,23.023017232407593
id_pipj3ap8ak,18.24607629787623
id_84xzjh13pi,20.849151738482757
id_zxct0q3dqx,20.256631954072095
id_5vji53n55u,21.64375779437909
id_7mup88cw2n,22.112195342105313
id_fomq0iryjd,24.56069081287053
id_5mq14kf61k,20.38011825589585
id_6tfrbtojwh,20.70147788863938
id_p1syd1j82p,21.703673303056
id_2efu8wsf0t,23.050172470678053
id_nf6oaj6hmc,24.141638045266667
id_6szo04nr0p,21.252747161799242
id_k3zqwshvxx,18.730265860936168
id_xb9tzd4tni,20.80580436642411
id_1g1133mxj0,17.756510486639115
id_l51e1wtruw,18.507309119587593
id_qgc87e79ko,22.33737188166622
id_2efd5sv0eu,17.129194700658868
id_93di8172pi,16.89638855445479
id_b8vvdmeitn,31.2878283020936
id_ci6fg1tigr,16.836383572663912
id_c1zgt77fyu,19.64830835275568
id_78t3asrjbf,18.362493717663664
id_6oanpv3bs7,20.32331580390045
id_zdhxor1yx9,20.772011967305733
id_hjug95reos,15.677367379802899
id_q5y6b2vxi5,18.81150932423558
id_lmmep6vt6f,19.92087884642432
id_ur485xrowj,16.477376463633217
id_yh8jpakk4u,17.567757794248884
id_xfom70rd8q,20.429079442529915
id_cx4og6dawq,17.205674534966434
id_bxqjc4lu8q,20.686696040025723
id_dfkdged93h,18.280092156286987
id_wpc07nnnn9,20.26915434512891
id_3w6yxmo14o,18.397596164502996
id_9xhx7zdwqp,20.31579239224701
id_fkcu4ryvmb,14.09349664900671
id_iydvhqnjpg,19.409010419966542
id_xfd5bd6mbb,14.223149790687016
id_pnfc3lxqxw,19.020673480746165
id_2fi5bq6vwj,23.65165367979784
id_6viyil1331,13.54050582576333
id_5gwjmv15on,29.843195505828113
id_76bk0rtwtl,22.149753536535012
id_f60ku7tfev,16.834378728433798
id_h191utquex,21.091817270839403
id_wi04z29d3r,17.08810996344801
id_fbntyg7wwr,23.27393707193895
id_v3zrqsqzxo,20.53287822150025
id_bw1b95righ,23.190067575183445
id_zp9ylpq5fk,16.26691166862431
id_t0g20s1n6l,19.013150247585962
id_dktjg2pt79,22.86180513412996
id_mik9bcfz5g,16.21786056124744
id_t7ahyyqmpl,17.63208687104125
id_mu6p2nd1yv,21.946686551519132
id_lff5hw3ol2,24.071768895536465
id_eccaetzkfx,16.188955013851082
id_z5lh6tnhu3,16.236661479970124
id_vg90abt8lg,14.907990892094393
id_b4kmym2z2e,18.400168691317024
id_a4bm9lp96l,20.445451137589767
id_ph0f1whio6,19.175130941798848
id_bn4murbtsb,23.0629142912065
id_mbkfsw8xc9,39.1154285714662
id_e2ybasubxp,17.483563830487412
id_6i3ti67p9g,20.037682272197443
id_bec40ri158,18.993545119890566
id_zacj6i063v,18.391145355867557
id_lol7o2igta,21.412469508846993
id_m2m6u5m8oo,24.909381320619747
id_g8kpxolorf,22.529948290485013
id_w57cuionsw,18.816627843261823
id_64x7iknxnp,28.33386927082546
id_umk48ombht,24.960617899850806
id_w8cmk8r8vv,11.603432794259442
id_vj0wx6wbs5,23.455315350820406
id_w7sma8wi3u,26.681957523447235
id_oqmb5rhi5m,22.40428271707773
id_i4y106oe8m,32.07366072673762
id_biglgqqok3,38.64793426424597
id_6026c6cyn7,49.509762857735076
id_ixvjw5pg83,50.397693498933144
id_w6kanjj090,54.86262830112973
id_qy2xteqn7k,55.73247184796153
id_6oi09e06us,38.099764801953036
id_37za3uvuvh,38.592673852712174
id_e1rym2u84c,44.068107966968476
id_85pjz4b5rl,69.96703800858596
id_ohyxbff88h,34.248509470951404
id_dz40i4pbqo,40.00816888565075
id_kfb0js1w3k,49.5631519623616
id_z6dnfzl23b,71.3478462050198
id_jkeoakg1zs,44.91048943034
id_jvc6j31d7r,52.58657433209608
id_tp5jxexuje,35.75457223869661
id_dkv9vzan2j,67.10616516200784
id_21jsagai52,43.96707642131862
id_5j5wrd0r76,65.4730263478819
id_hafhcdf5fe,34.248509470951404
id_ng9duxlksi,46.20871463732394
id_1mrr0piel6,21.142338560627458
id_8dlgnof1yt,20.85363718502198
id_ayhykhxv08,24.202615783740203
id_5veb3455kk,20.134160835763502
id_0gw6p17v8i,23.089965180633204
id_h21k3oibhu,27.073882454990173
id_onax36r19z,26.912453096969
id_kf6alfal6l,16.441417526893527
id_rgm4q6o0n2,23.853665938075668
id_051ag5i4ha,29.567023400034422
id_03ajztlcgf,21.92347928039793
id_h1gdh0ctos,24.86660011567315
id_wea0tzo38s,17.411844483673118
id_d77c6v7xlq,25.888752668665244
id_o5czlw27eu,25.875954811337664
id_z3b6rgvygb,24.126124076720515
id_iwwln55ll9,19.625485306363473
id_ctyaqjhqq3,19.612053568477656
id_bk5kqdpcvl,23.716234436172556
id_lcaeji5kvm,21.872064896436846
id_4iuroyo095,22.085171199616713
id_hwhg2nzcn7,23.544516034368343
id_zfyyzm0tfl,21.530101429005843
id_aks304uagg,6.475952361465112
id_5muf55bxe7,24.139585328904975
id_or8005ins6,18.755627579975965
id_5p0q5jonr0,34.53723630547406
id_qjskvygs4l,28.860874819799427
id_u5iqw2tz8v,23.49078671788262
id_gckh1uiy17,34.54805047298411
id_8uh4onl5v8,22.43838069873663
id_46wh4sy9gi,26.30605705106648
id_zd5wtd5tmi,27.50940012690504
id_8tax5ieqth,23.861457935381846
id_ouo0ii1gd9,3.033158142075927
id_ofkcbq4gav,28.45447455750726
id_yak2zy4o8d,43.172893680227354
id_lmj3zlydl1,35.23806173568697
id_r5cm1bhxkl,20.96283079973707
id_0zbo52y2xz,34.5002077707803
id_obd90peb73,66.454531296703
id_yubp5ipspp,34.62201960796244
id_q44cbuudsn,27.91718522790244
id_kav1f2lb2r,41.38148841666669
id_gxbkwk0iez,68.75479578887213
id_ek9x8hre7u,63.012815324544334
id_r871vcfbl4,58.91689513109334
id_35iwrmt1yx,48.75373756407087
id_mgt3ob9nni,48.69879589453412
id_ata3d9u9ij,75.579181177111
id_389jy0txmq,65.5449713669097
id_oaaxhllgnf,51.52583339085975
id_fpoz5ozfg7,89.3394751771041
id_hygp8jfsb2,111.40198920638058
id_tgmi1f70mf,70.24329881171653
id_8xhlkfw0vd,18.18778505328575
id_n02h09aa2y,25.99616545940326
id_vcfstyofl7,22.56182909360287
id_jjreek4wj9,26.912453096969
id_x7op0k35jb,19.396136148910944
id_m0rro9r1gv,26.501731684079363
id_9ky9s3jqyp,25.557367008554518
id_ohpg2cpkpk,29.27829357919949
id_s13clcy2o7,37.67486707395006
id_2h4f3oh33x,34.494246457150005
id_lzsgsz7nuf,36.25262588776737
id_gnfl6qhq2v,66.64929021820045
id_izavvighqu,68.21052459153847
id_5mk7jbh470,59.04484973535123
id_y78kz2lj7d,42.676211330182895
id_r0jik026d1,46.5690400960419
id_4l552ar61j,56.52542150886846
id_yog4iw8i1o,59.924795244849406
id_pv5p2rds8o,59.303811149532535
id_1k5akrmzgv,29.87383315769163
id_ks7ucfmf06,76.13941756576234
id_15cuw1it4j,43.12499992231525
id_kfgdu8dkqk,44.5852642222129
id_aa4sqe4emy,66.30509415040476
id_zytuipkh4s,42.59421164578506
id_753xfgjvu9,46.81570709822148
id_lpvtn9w0zv,48.25475452580504
id_7asrrizo0g,28.920647328350142
id_8bwlfohvu1,57.796329543602326
id_1hy6gjm6kl,70.19668967484098
id_qsf30wtdhv,15.438419039795674
id_1uv0ibuczo,16.264401616332503
id_80csjj6d48,18.777737998334807
id_n1g3zkow2a,14.385553684065835
id_qjt5kb3u6x,17.305478899103576
id_6e8d5kqq5q,15.863691886787484
id_wvhdr0r7th,17.838621196083583
id_x5r3svy996,14.247302972854374
id_o9ggz31qgu,14.998529025473943
id_gv60syhrk2,16.953616735163788
id_g3j3o1t4sz,16.5012946321921
id_laabpazmxh,13.88298085570097
id_eho4ay6smw,16.21444841604234
id_w8nvwfcpmm,17.33413947823017
id_btnsop89b3,17.103830019939522
id_0w6dn0yvk6,14.813192054548242
id_gpznwpt7ys,14.606699752561173
id_z23dyz3slb,14.455999112439182
id_2ojx7eu8qw,14.535806334278933
id_98t8cdz765,14.387800885539269
id_8f9m9dleze,16.012146548005255
id_oeaawvliom,15.338399720293658
id_ov5yh9unz0,13.846053343726453
id_syrmc724fl,13.133105370254503
id_wsfou7xddv,12.524663028264756
id_gdrcof729w,16.117027084998565
id_yyeq995o40,8.651760871604703
id_mhj0m6vsoz,13.706632482584183
id_d51371db4v,14.057635639657429
id_nrt1xvsex3,14.193480619875078
id_e0e2p1877w,13.297832140239299
id_ezhbu5sh62,13.988163400657362
id_c4pskc8s76,19.483395581422773
id_r0ufs02ezc,12.661195590454305
id_hk47qerjv3,15.779697889064233
id_8qq33hqkxq,5.07010311799563
id_w1qz8bdksu,12.429652478166851
id_n74jn7d5ct,14.010570727349261
id_b2yadnldic,12.425276057204467
id_484yc688bf,14.958441017974987
id_5w25kqbc16,15.206938484799545
id_9n8atixf1w,15.69690481749648
id_5f8seqeob8,15.990023352063734
id_h0d3gkad49,17.133358690389137
id_g7kvipny30,12.640182016497375
id_hmwh1yqafb,14.957369956784104
id_xjzlyzcmgj,16.732934325525452
id_inhwqwpuun,15.09148228526497
id_wsm8a53caa,11.801398871745072
id_r9mlk12372,15.522535400076142
id_oisa8d97gd,25.290865203967975
id_6ab55sm71v,20.160054863265813
id_too46nmh07,19.970873172752487
id_r5m6g5ftw3,18.913586902092707
id_g6vqehwv9h,15.88824402555337
id_na1dwva2t9,23.55229754522014
id_nr83m898q4,24.513369601378532
id_588qh1lkgp,28.154153226470694
id_1k70mcdia8,24.358227483088484
id_4kvsbq5i01,20.747954795689353
id_u90ok9v1g2,42.673626415865535
id_f7jhr0tzyj,29.318549050243725
id_496ds7trwi,20.933357794267273
id_rjedrxh5ol,20.04021627666475
id_iznxqqg86k,30.418336809262296
id_r2nitpoo6n,29.65052484394751
id_ako3197fah,42.783200264713756
id_nprrbmfek0,38.09572843963026
id_bmxffkemr6,26.69635165444262
id_w7doelm7x4,28.691932164996253
id_8z87l1y49i,25.44506789352993
id_ebkjvn720n,23.406389086925113
id_tc14hgelz9,25.00835549822929
id_a574b55rgm,37.40716368182466
id_dz6m95a6g7,31.09223187681957
id_wei7m8hy0n,18.12542113298482
id_hj9g1ena8l,20.567557989955894
id_hxkqt31oj0,27.672621076564113
id_j9xr0ullvp,24.050960043921773
id_dhxexr0nl8,18.144253094715143
id_thyiz3erhs,23.794869084535367
id_vfer04eoj5,19.315717904164448
id_dtjlkdb6na,25.99616545940326
id_wjevf26x7g,24.954849409243234
id_js2e45rmts,20.86630454171813
id_h4sopez1xq,18.203427994797284
id_tli2tt2lre,24.09182639809445
id_nml7r1ihuo,22.865084260052946
id_ny3rzr8dw4,26.222549712033018
id_dgyrdg3c7c,22.51150876090839
id_5xl1ofkel7,24.5259244444939
id_s9z5qdtsok,27.828044961226283
id_wzznck6hr2,26.912453096969
id_2jrs4cf50t,21.46151254961251
id_zr9i8iyl05,20.73364987194131
id_ywr3489vgm,29.567023400034422
id_40yosi6uqe,22.448310076467376
id_hvj85b4s27,17.03147165814991
id_ve7iodkk5x,20.850137175020482
id_prcsjcgmvr,25.50763571272115
id_urporbfca8,24.884190696260156
id_hnh9veqj44,21.837649696980414
id_66ujv86e23,24.52396548829024
id_op00lvkxjn,24.146028412577273
id_0h1a9dhuum,21.392729046170807
id_ng6gkjkewg,29.01447019525942
id_u3q353kzgc,25.744888532835752
id_ykfovbo3gm,25.646953175560146
id_k2wnuw9gop,31.721887808713536
id_n742fvx1ah,21.403863626149235
id_ecz5hhz0iz,18.37985480463486
id_t3tupepv7y,20.93690507234911
id_touyxi6cd9,22.13640653930325
id_fv0z5li929,18.014246393135178
id_1rbmh121yv,26.57643329934517
id_jxivfqw95m,23.898830867985442
id_c99mmbda9h,34.54805047298411
id_amvzqnr8uh,24.557248718198387
id_vd8i2z3hob,21.739013152675913
id_sq6qs6ygpd,27.797724724706033
id_grfpl7lzzm,69.24247268334693
id_rqzxw5tozc,15.181907213137617
id_74zv2ut2b5,31.3013812878451
id_je1zddxbcz,40.654198218497235
id_p1lsa0r1uy,34.62303506362184
id_466f3sjyaa,27.506733915512577
id_6bji5k248v,34.272736650904214
id_xmf644v3gg,88.24275610992129
id_7ww556yt1z,16.85086752707614
id_1kv2mm53gl,28.902419712172463
id_gogfzwk8d6,32.561743835958985
id_4ijyknjpyw,42.95838844606545
id_51yb1ejvyp,70.16255770988901
id_e8kgwianqu,63.40653462051246
id_01xma9jtcq,54.40713340001399
id_b4c2qvjsq9,50.243711917738565
id_kkxio9kyth,64.55148445772801
id_eo46mly8qt,65.59158050378525
id_x6q1xzuux5,50.407376331093836
id_o9paw0x3kv,68.10767744278694
id_rmptreswq4,134.04441206114748
id_t3b2vd5gaq,60.46698704845709
id_1ccceino2g,44.91048943034
id_pkszxukfw8,54.14704661141772
id_irjroluzw5,46.28170295671659
id_41oiry183k,36.0932957761527
id_cfcgnt1ghb,67.10616516200784
id_sjd7rg1oll,64.81612338800728
id_364xgx2f9d,67.62457923382533
id_fy2bmhco3s,67.63096590165945
id_axh2ddc911,34.488239010310835
id_29vkc8fnf2,44.049240357697606
id_4ohuy386ux,45.215481360130646
id_ny7vfafssc,71.02173013420844
id_is7lidy1mf,13.873046117009514
id_3gzqnrpvj1,10.79142566681506
id_tgs79jz18s,12.6165756572229
id_1vuxj43b5t,12.126361570416536
id_0li1v5bnou,15.161656213835572
id_2rkm63c28h,35.83640819105263
id_u4ue41ptfe,11.125870658130811
id_hqm9ncx8e0,12.345359418884069
id_nm7ygb4b3l,10.82740368780051
id_jh45q5uczs,12.273188101272096
id_8wae60vl8s,18.91893102195067
id_oew1wkaotf,16.950001051223094
id_2blz0nu3gr,15.300256090548277
id_8561e57ms1,15.401957498954348
id_6l2yazaml7,18.788510801853544
id_u8x5imye5i,16.13857259154064
id_3n4fcuig6s,15.252942543311345
id_63yqksu7g8,17.671918717161223
id_vr7oawtyr7,21.502945334881414
id_hucimtkqcs,18.008618166741737
id_en1o2lrl13,18.91490665620712
id_7unrf37lps,14.847086059001175
id_airjz9ye97,18.050556454240006
id_scnvuwxqzg,18.62260533586143
id_e660aintu0,21.00397739180423
id_xp5zllo7bm,18.199846507319304
id_9vmhojq424,18.218749329815044
id_1qhlpx2pcm,17.914616584689597
id_qedyi4kq32,15.702180231957952
id_vyxdm338eq,16.113693748479264
id_g2ct966v3a,17.446898917280265
id_npft5kn5zd,16.437505408938552
id_d9roa39323,16.116250273634734
id_7jxotkoa6i,16.76633330466345
id_io83k3isds,19.036334056549624
id_0phnbrqgvq,19.01757215138832
id_8fhskk4v0o,16.18531944264084
id_jmark42lrd,16.948722058369285
id_4uoyxutrk9,18.4556302542132
id_z3ne71faqd,16.232430181471408
id_3lsi6od9kk,16.070374354413232
id_wnmtya2xe4,15.302932674846822
id_kxpxubm2ks,14.166613217523153
id_jr62xr6pn0,14.057802080066155
id_i1ndfhbqh8,12.444552037408217
id_xbzzfn775f,13.276291871687954
id_2jgxgek3pp,15.328851361410678
id_cz0j93tjn1,15.259582000079176
id_ibjyuosq7h,15.040249200972978
id_qdj44e8qxy,15.22894048293213
id_pr6ybzbo04,13.341189597926174
id_6is3wqphrp,14.108569784835916
id_a19c8qy624,16.9971593331585
id_fccl3r4vhn,16.117027084998565
id_lpadx9ljyn,13.760483594683128
id_yrlxid7w5f,13.595825149581641
id_iyelznc712,13.496183240004061
id_d4zyhlrp7i,14.2637856037669
id_yamlzhxpzl,15.909295755961303
id_69z3k5udxl,19.254676106268242
id_250ilall7a,14.26491320610682
id_5oh31qlbqd,17.441512851531616
id_g0pt3qxex9,10.036337949614778
id_wecofpgirx,15.99548891360061
id_srbbfyzb4y,13.981005404322877
id_9dwlszpc6f,14.04972466650058
id_rx1c8t309y,13.435252625762777
id_ihc33303cp,15.278744076285227
id_efyw9jlc2d,15.331575032483201
id_r4qda17kgf,15.265587100364092
id_ztkiuvq97m,17.285409218863588
id_57vj6lphyj,12.346223490371235
id_1a219llt0x,14.541625765958502
id_7dum8n5jfs,15.298883944112152
id_mprnfw8jby,16.411226790940326
id_4kwyl8vwk1,12.215600586499821
id_hkd5b8lkry,16.528804989516534
id_ugse3zoarv,25.442915732442426
id_2mihn0ik0d,17.680083136674757
id_eq3nj1bw4i,15.986585207256253
id_eztbfv2vvq,16.25577904623379
id_j822qt24o8,16.148710349830864
id_nyc1n6dupk,16.083115731060836
id_5rfy4jo9id,16.951546013144462
id_z30ciw3guv,25.21422970091411
id_cikel8zc0d,28.380810433791
id_pn6ira1t7j,17.007375708830008
id_etyxjytmkl,21.28750464823004
id_vk4ybuoyry,38.83904275439483
id_qm010ay0yb,29.318549050243725
id_ufglp9d8e6,21.92205690673679
id_vfxihvxog9,18.94237606819622
id_gx87k11mh3,29.35784208259953
id_5yblexf7zp,25.974424795390295
id_c9cycuvetl,35.42581663711424
id_8xu1ardxni,41.40952440542288
id_aumy97t1iu,42.93039554189257
id_cv1dq53hzh,71.02173013420844
